"* These are provisional rates for dividend purification, which are subject to final adjustment upon announcement of respective companies' annual accounts for the year 2020/2021"
** Only illiquid Assets to Total Assets and Net Liquid Asset ratios calculated of all Islamic Financial
"*** Status of 'No Opinion' is ascertained due to non-disclosure of the required information as per last available financial statement i.e breakup of sales revenue including interest element. Therefore, such companies will not be included in KMI Islamic Index"
**** Total Assets of OGDC are adjusted with non-cash items arising due to the adoption of IFRS 16
"^ While calculating Net Liquid Asset ratio, Average Net Liquit Asset and Average market price per share of last four quarters considered"
"^^ As Debt to Asset ratio is marginally exceeded from the given threshold, therefore, PIOC is considered as Compliant."
^^^ FML and ILP is compliant after considering additional disclosures provided by Management of both companies regarding compliant portion of debt
"! As Financial of FCONM are not available since 2017 therefore, Opinion cannot be drawn."
"# As AVN, NETSOL & TELE are from IT sector, therefore their fixed assets are not significant in value therefore, these are considered as Compliant and relaxation provided over Illiquid assets to Total Assets ratio"
"## While calculating HUBC's Income ratio, China Power Hub Generation Company (CPHGC) which is an associated investee company of HUBC whose revenues are consolidated with HUBC's revenues upto the the extent of HUBC's investment"
### Status of 'No Opinion' is ascertained for PECO due to non-disclosure of Financials since last two years.
companies marked in red are on defaulters list
