review_as_of,notice_date,effective_from,effective_to,notice_no,source_url,symbol,source_type
2022-06-30,2022-12-23,2022-12-30,2023-07-06,PSX/N-1302,https://www.psx.com.pk/psx/themes/psx/uploads/Notice_1302_Dec_23_2022_KMI_30_Index_Re-composition_for_the_period_June-22.pdf,ATRL,official_psx_recomposition_notice
2022-06-30,2022-12-23,2022-12-30,2023-07-06,PSX/N-1302,https://www.psx.com.pk/psx/themes/psx/uploads/Notice_1302_Dec_23_2022_KMI_30_Index_Re-composition_for_the_period_June-22.pdf,AVN,official_psx_recomposition_notice
2022-06-30,2022-12-23,2022-12-30,2023-07-06,PSX/N-1302,https://www.psx.com.pk/psx/themes/psx/uploads/Notice_1302_Dec_23_2022_KMI_30_Index_Re-composition_for_the_period_June-22.pdf,CHCC,official_psx_recomposition_notice
2022-06-30,2022-12-23,2022-12-30,2023-07-06,PSX/N-1302,https://www.psx.com.pk/psx/themes/psx/uploads/Notice_1302_Dec_23_2022_KMI_30_Index_Re-composition_for_the_period_June-22.pdf,CNERGY,official_psx_recomposition_notice
2022-06-30,2022-12-23,2022-12-30,2023-07-06,PSX/N-1302,https://www.psx.com.pk/psx/themes/psx/uploads/Notice_1302_Dec_23_2022_KMI_30_Index_Re-composition_for_the_period_June-22.pdf,DAWH,official_psx_recomposition_notice
2022-06-30,2022-12-23,2022-12-30,2023-07-06,PSX/N-1302,https://www.psx.com.pk/psx/themes/psx/uploads/Notice_1302_Dec_23_2022_KMI_30_Index_Re-composition_for_the_period_June-22.pdf,DGKC,official_psx_recomposition_notice
2022-06-30,2022-12-23,2022-12-30,2023-07-06,PSX/N-1302,https://www.psx.com.pk/psx/themes/psx/uploads/Notice_1302_Dec_23_2022_KMI_30_Index_Re-composition_for_the_period_June-22.pdf,EFERT,official_psx_recomposition_notice
2022-06-30,2022-12-23,2022-12-30,2023-07-06,PSX/N-1302,https://www.psx.com.pk/psx/themes/psx/uploads/Notice_1302_Dec_23_2022_KMI_30_Index_Re-composition_for_the_period_June-22.pdf,ENGRO,official_psx_recomposition_notice
2022-06-30,2022-12-23,2022-12-30,2023-07-06,PSX/N-1302,https://www.psx.com.pk/psx/themes/psx/uploads/Notice_1302_Dec_23_2022_KMI_30_Index_Re-composition_for_the_period_June-22.pdf,EPCL,official_psx_recomposition_notice
2022-06-30,2022-12-23,2022-12-30,2023-07-06,PSX/N-1302,https://www.psx.com.pk/psx/themes/psx/uploads/Notice_1302_Dec_23_2022_KMI_30_Index_Re-composition_for_the_period_June-22.pdf,FCCL,official_psx_recomposition_notice
2022-06-30,2022-12-23,2022-12-30,2023-07-06,PSX/N-1302,https://www.psx.com.pk/psx/themes/psx/uploads/Notice_1302_Dec_23_2022_KMI_30_Index_Re-composition_for_the_period_June-22.pdf,GGL,official_psx_recomposition_notice
2022-06-30,2022-12-23,2022-12-30,2023-07-06,PSX/N-1302,https://www.psx.com.pk/psx/themes/psx/uploads/Notice_1302_Dec_23_2022_KMI_30_Index_Re-composition_for_the_period_June-22.pdf,LUCK,official_psx_recomposition_notice
2022-06-30,2022-12-23,2022-12-30,2023-07-06,PSX/N-1302,https://www.psx.com.pk/psx/themes/psx/uploads/Notice_1302_Dec_23_2022_KMI_30_Index_Re-composition_for_the_period_June-22.pdf,MARI,official_psx_recomposition_notice
2022-06-30,2022-12-23,2022-12-30,2023-07-06,PSX/N-1302,https://www.psx.com.pk/psx/themes/psx/uploads/Notice_1302_Dec_23_2022_KMI_30_Index_Re-composition_for_the_period_June-22.pdf,MEBL,official_psx_recomposition_notice
2022-06-30,2022-12-23,2022-12-30,2023-07-06,PSX/N-1302,https://www.psx.com.pk/psx/themes/psx/uploads/Notice_1302_Dec_23_2022_KMI_30_Index_Re-composition_for_the_period_June-22.pdf,MLCF,official_psx_recomposition_notice
2022-06-30,2022-12-23,2022-12-30,2023-07-06,PSX/N-1302,https://www.psx.com.pk/psx/themes/psx/uploads/Notice_1302_Dec_23_2022_KMI_30_Index_Re-composition_for_the_period_June-22.pdf,MTL,official_psx_recomposition_notice
2022-06-30,2022-12-23,2022-12-30,2023-07-06,PSX/N-1302,https://www.psx.com.pk/psx/themes/psx/uploads/Notice_1302_Dec_23_2022_KMI_30_Index_Re-composition_for_the_period_June-22.pdf,NML,official_psx_recomposition_notice
2022-06-30,2022-12-23,2022-12-30,2023-07-06,PSX/N-1302,https://www.psx.com.pk/psx/themes/psx/uploads/Notice_1302_Dec_23_2022_KMI_30_Index_Re-composition_for_the_period_June-22.pdf,NRL,official_psx_recomposition_notice
2022-06-30,2022-12-23,2022-12-30,2023-07-06,PSX/N-1302,https://www.psx.com.pk/psx/themes/psx/uploads/Notice_1302_Dec_23_2022_KMI_30_Index_Re-composition_for_the_period_June-22.pdf,OGDC,official_psx_recomposition_notice
2022-06-30,2022-12-23,2022-12-30,2023-07-06,PSX/N-1302,https://www.psx.com.pk/psx/themes/psx/uploads/Notice_1302_Dec_23_2022_KMI_30_Index_Re-composition_for_the_period_June-22.pdf,PAEL,official_psx_recomposition_notice
2022-06-30,2022-12-23,2022-12-30,2023-07-06,PSX/N-1302,https://www.psx.com.pk/psx/themes/psx/uploads/Notice_1302_Dec_23_2022_KMI_30_Index_Re-composition_for_the_period_June-22.pdf,PIOC,official_psx_recomposition_notice
2022-06-30,2022-12-23,2022-12-30,2023-07-06,PSX/N-1302,https://www.psx.com.pk/psx/themes/psx/uploads/Notice_1302_Dec_23_2022_KMI_30_Index_Re-composition_for_the_period_June-22.pdf,POL,official_psx_recomposition_notice
2022-06-30,2022-12-23,2022-12-30,2023-07-06,PSX/N-1302,https://www.psx.com.pk/psx/themes/psx/uploads/Notice_1302_Dec_23_2022_KMI_30_Index_Re-composition_for_the_period_June-22.pdf,PPL,official_psx_recomposition_notice
2022-06-30,2022-12-23,2022-12-30,2023-07-06,PSX/N-1302,https://www.psx.com.pk/psx/themes/psx/uploads/Notice_1302_Dec_23_2022_KMI_30_Index_Re-composition_for_the_period_June-22.pdf,PSO,official_psx_recomposition_notice
2022-06-30,2022-12-23,2022-12-30,2023-07-06,PSX/N-1302,https://www.psx.com.pk/psx/themes/psx/uploads/Notice_1302_Dec_23_2022_KMI_30_Index_Re-composition_for_the_period_June-22.pdf,SEARL,official_psx_recomposition_notice
2022-06-30,2022-12-23,2022-12-30,2023-07-06,PSX/N-1302,https://www.psx.com.pk/psx/themes/psx/uploads/Notice_1302_Dec_23_2022_KMI_30_Index_Re-composition_for_the_period_June-22.pdf,SYS,official_psx_recomposition_notice
2022-06-30,2022-12-23,2022-12-30,2023-07-06,PSX/N-1302,https://www.psx.com.pk/psx/themes/psx/uploads/Notice_1302_Dec_23_2022_KMI_30_Index_Re-composition_for_the_period_June-22.pdf,TELE,official_psx_recomposition_notice
2022-06-30,2022-12-23,2022-12-30,2023-07-06,PSX/N-1302,https://www.psx.com.pk/psx/themes/psx/uploads/Notice_1302_Dec_23_2022_KMI_30_Index_Re-composition_for_the_period_June-22.pdf,TPLP,official_psx_recomposition_notice
2022-06-30,2022-12-23,2022-12-30,2023-07-06,PSX/N-1302,https://www.psx.com.pk/psx/themes/psx/uploads/Notice_1302_Dec_23_2022_KMI_30_Index_Re-composition_for_the_period_June-22.pdf,TREET,official_psx_recomposition_notice
2022-06-30,2022-12-23,2022-12-30,2023-07-06,PSX/N-1302,https://www.psx.com.pk/psx/themes/psx/uploads/Notice_1302_Dec_23_2022_KMI_30_Index_Re-composition_for_the_period_June-22.pdf,UNITY,official_psx_recomposition_notice
2022-12-31,2023-06-23,2023-07-07,2024-06-13,PSX/N-653,https://www.psx.com.pk/psx/themes/psx/uploads/Notice_No._653_KMI_30_Index_Recomposition_-Dec-22_.pdf,SYS,official_psx_recomposition_notice
2022-12-31,2023-06-23,2023-07-07,2024-06-13,PSX/N-653,https://www.psx.com.pk/psx/themes/psx/uploads/Notice_No._653_KMI_30_Index_Recomposition_-Dec-22_.pdf,ENGRO,official_psx_recomposition_notice
2022-12-31,2023-06-23,2023-07-07,2024-06-13,PSX/N-653,https://www.psx.com.pk/psx/themes/psx/uploads/Notice_No._653_KMI_30_Index_Recomposition_-Dec-22_.pdf,HUBC,official_psx_recomposition_notice
2022-12-31,2023-06-23,2023-07-07,2024-06-13,PSX/N-653,https://www.psx.com.pk/psx/themes/psx/uploads/Notice_No._653_KMI_30_Index_Recomposition_-Dec-22_.pdf,OGDC,official_psx_recomposition_notice
2022-12-31,2023-06-23,2023-07-07,2024-06-13,PSX/N-653,https://www.psx.com.pk/psx/themes/psx/uploads/Notice_No._653_KMI_30_Index_Recomposition_-Dec-22_.pdf,EFERT,official_psx_recomposition_notice
2022-12-31,2023-06-23,2023-07-07,2024-06-13,PSX/N-653,https://www.psx.com.pk/psx/themes/psx/uploads/Notice_No._653_KMI_30_Index_Recomposition_-Dec-22_.pdf,LUCK,official_psx_recomposition_notice
2022-12-31,2023-06-23,2023-07-07,2024-06-13,PSX/N-653,https://www.psx.com.pk/psx/themes/psx/uploads/Notice_No._653_KMI_30_Index_Recomposition_-Dec-22_.pdf,PPL,official_psx_recomposition_notice
2022-12-31,2023-06-23,2023-07-07,2024-06-13,PSX/N-653,https://www.psx.com.pk/psx/themes/psx/uploads/Notice_No._653_KMI_30_Index_Recomposition_-Dec-22_.pdf,MEBL,official_psx_recomposition_notice
2022-12-31,2023-06-23,2023-07-07,2024-06-13,PSX/N-653,https://www.psx.com.pk/psx/themes/psx/uploads/Notice_No._653_KMI_30_Index_Recomposition_-Dec-22_.pdf,MARI,official_psx_recomposition_notice
2022-12-31,2023-06-23,2023-07-07,2024-06-13,PSX/N-653,https://www.psx.com.pk/psx/themes/psx/uploads/Notice_No._653_KMI_30_Index_Recomposition_-Dec-22_.pdf,MTL,official_psx_recomposition_notice
2022-12-31,2023-06-23,2023-07-07,2024-06-13,PSX/N-653,https://www.psx.com.pk/psx/themes/psx/uploads/Notice_No._653_KMI_30_Index_Recomposition_-Dec-22_.pdf,DAWH,official_psx_recomposition_notice
2022-12-31,2023-06-23,2023-07-07,2024-06-13,PSX/N-653,https://www.psx.com.pk/psx/themes/psx/uploads/Notice_No._653_KMI_30_Index_Recomposition_-Dec-22_.pdf,PSO,official_psx_recomposition_notice
2022-12-31,2023-06-23,2023-07-07,2024-06-13,PSX/N-653,https://www.psx.com.pk/psx/themes/psx/uploads/Notice_No._653_KMI_30_Index_Recomposition_-Dec-22_.pdf,EPCL,official_psx_recomposition_notice
2022-12-31,2023-06-23,2023-07-07,2024-06-13,PSX/N-653,https://www.psx.com.pk/psx/themes/psx/uploads/Notice_No._653_KMI_30_Index_Recomposition_-Dec-22_.pdf,CHCC,official_psx_recomposition_notice
2022-12-31,2023-06-23,2023-07-07,2024-06-13,PSX/N-653,https://www.psx.com.pk/psx/themes/psx/uploads/Notice_No._653_KMI_30_Index_Recomposition_-Dec-22_.pdf,MLCF,official_psx_recomposition_notice
2022-12-31,2023-06-23,2023-07-07,2024-06-13,PSX/N-653,https://www.psx.com.pk/psx/themes/psx/uploads/Notice_No._653_KMI_30_Index_Recomposition_-Dec-22_.pdf,SNGP,official_psx_recomposition_notice
2022-12-31,2023-06-23,2023-07-07,2024-06-13,PSX/N-653,https://www.psx.com.pk/psx/themes/psx/uploads/Notice_No._653_KMI_30_Index_Recomposition_-Dec-22_.pdf,FCCL,official_psx_recomposition_notice
2022-12-31,2023-06-23,2023-07-07,2024-06-13,PSX/N-653,https://www.psx.com.pk/psx/themes/psx/uploads/Notice_No._653_KMI_30_Index_Recomposition_-Dec-22_.pdf,DGKC,official_psx_recomposition_notice
2022-12-31,2023-06-23,2023-07-07,2024-06-13,PSX/N-653,https://www.psx.com.pk/psx/themes/psx/uploads/Notice_No._653_KMI_30_Index_Recomposition_-Dec-22_.pdf,LOTCHEM,official_psx_recomposition_notice
2022-12-31,2023-06-23,2023-07-07,2024-06-13,PSX/N-653,https://www.psx.com.pk/psx/themes/psx/uploads/Notice_No._653_KMI_30_Index_Recomposition_-Dec-22_.pdf,APL,official_psx_recomposition_notice
2022-12-31,2023-06-23,2023-07-07,2024-06-13,PSX/N-653,https://www.psx.com.pk/psx/themes/psx/uploads/Notice_No._653_KMI_30_Index_Recomposition_-Dec-22_.pdf,PIOC,official_psx_recomposition_notice
2022-12-31,2023-06-23,2023-07-07,2024-06-13,PSX/N-653,https://www.psx.com.pk/psx/themes/psx/uploads/Notice_No._653_KMI_30_Index_Recomposition_-Dec-22_.pdf,ATRL,official_psx_recomposition_notice
2022-12-31,2023-06-23,2023-07-07,2024-06-13,PSX/N-653,https://www.psx.com.pk/psx/themes/psx/uploads/Notice_No._653_KMI_30_Index_Recomposition_-Dec-22_.pdf,UNITY,official_psx_recomposition_notice
2022-12-31,2023-06-23,2023-07-07,2024-06-13,PSX/N-653,https://www.psx.com.pk/psx/themes/psx/uploads/Notice_No._653_KMI_30_Index_Recomposition_-Dec-22_.pdf,AVN,official_psx_recomposition_notice
2022-12-31,2023-06-23,2023-07-07,2024-06-13,PSX/N-653,https://www.psx.com.pk/psx/themes/psx/uploads/Notice_No._653_KMI_30_Index_Recomposition_-Dec-22_.pdf,PAEL,official_psx_recomposition_notice
2022-12-31,2023-06-23,2023-07-07,2024-06-13,PSX/N-653,https://www.psx.com.pk/psx/themes/psx/uploads/Notice_No._653_KMI_30_Index_Recomposition_-Dec-22_.pdf,SHEL,official_psx_recomposition_notice
2022-12-31,2023-06-23,2023-07-07,2024-06-13,PSX/N-653,https://www.psx.com.pk/psx/themes/psx/uploads/Notice_No._653_KMI_30_Index_Recomposition_-Dec-22_.pdf,NRL,official_psx_recomposition_notice
2022-12-31,2023-06-23,2023-07-07,2024-06-13,PSX/N-653,https://www.psx.com.pk/psx/themes/psx/uploads/Notice_No._653_KMI_30_Index_Recomposition_-Dec-22_.pdf,TPLP,official_psx_recomposition_notice
2022-12-31,2023-06-23,2023-07-07,2024-06-13,PSX/N-653,https://www.psx.com.pk/psx/themes/psx/uploads/Notice_No._653_KMI_30_Index_Recomposition_-Dec-22_.pdf,PRL,official_psx_recomposition_notice
2022-12-31,2023-06-23,2023-07-07,2024-06-13,PSX/N-653,https://www.psx.com.pk/psx/themes/psx/uploads/Notice_No._653_KMI_30_Index_Recomposition_-Dec-22_.pdf,NETSOL,official_psx_recomposition_notice
2023-12-31,2024-06-07,2024-06-14,2024-12-29,PSX/N-557,https://www.psx.com.pk/psx/themes/psx/uploads/Notice-KMI30_Re-compostion-_June_24%28final%29.pdf,HUBC,official_psx_recomposition_notice
2023-12-31,2024-06-07,2024-06-14,2024-12-29,PSX/N-557,https://www.psx.com.pk/psx/themes/psx/uploads/Notice-KMI30_Re-compostion-_June_24%28final%29.pdf,PPL,official_psx_recomposition_notice
2023-12-31,2024-06-07,2024-06-14,2024-12-29,PSX/N-557,https://www.psx.com.pk/psx/themes/psx/uploads/Notice-KMI30_Re-compostion-_June_24%28final%29.pdf,EFERT,official_psx_recomposition_notice
2023-12-31,2024-06-07,2024-06-14,2024-12-29,PSX/N-557,https://www.psx.com.pk/psx/themes/psx/uploads/Notice-KMI30_Re-compostion-_June_24%28final%29.pdf,LUCK,official_psx_recomposition_notice
2023-12-31,2024-06-07,2024-06-14,2024-12-29,PSX/N-557,https://www.psx.com.pk/psx/themes/psx/uploads/Notice-KMI30_Re-compostion-_June_24%28final%29.pdf,ENGRO,official_psx_recomposition_notice
2023-12-31,2024-06-07,2024-06-14,2024-12-29,PSX/N-557,https://www.psx.com.pk/psx/themes/psx/uploads/Notice-KMI30_Re-compostion-_June_24%28final%29.pdf,MEBL,official_psx_recomposition_notice
2023-12-31,2024-06-07,2024-06-14,2024-12-29,PSX/N-557,https://www.psx.com.pk/psx/themes/psx/uploads/Notice-KMI30_Re-compostion-_June_24%28final%29.pdf,SYS,official_psx_recomposition_notice
2023-12-31,2024-06-07,2024-06-14,2024-12-29,PSX/N-557,https://www.psx.com.pk/psx/themes/psx/uploads/Notice-KMI30_Re-compostion-_June_24%28final%29.pdf,ATRL,official_psx_recomposition_notice
2023-12-31,2024-06-07,2024-06-14,2024-12-29,PSX/N-557,https://www.psx.com.pk/psx/themes/psx/uploads/Notice-KMI30_Re-compostion-_June_24%28final%29.pdf,MARI,official_psx_recomposition_notice
2023-12-31,2024-06-07,2024-06-14,2024-12-29,PSX/N-557,https://www.psx.com.pk/psx/themes/psx/uploads/Notice-KMI30_Re-compostion-_June_24%28final%29.pdf,PSO,official_psx_recomposition_notice
2023-12-31,2024-06-07,2024-06-14,2024-12-29,PSX/N-557,https://www.psx.com.pk/psx/themes/psx/uploads/Notice-KMI30_Re-compostion-_June_24%28final%29.pdf,MTL,official_psx_recomposition_notice
2023-12-31,2024-06-07,2024-06-14,2024-12-29,PSX/N-557,https://www.psx.com.pk/psx/themes/psx/uploads/Notice-KMI30_Re-compostion-_June_24%28final%29.pdf,SNGP,official_psx_recomposition_notice
2023-12-31,2024-06-07,2024-06-14,2024-12-29,PSX/N-557,https://www.psx.com.pk/psx/themes/psx/uploads/Notice-KMI30_Re-compostion-_June_24%28final%29.pdf,MLCF,official_psx_recomposition_notice
2023-12-31,2024-06-07,2024-06-14,2024-12-29,PSX/N-557,https://www.psx.com.pk/psx/themes/psx/uploads/Notice-KMI30_Re-compostion-_June_24%28final%29.pdf,NRL,official_psx_recomposition_notice
2023-12-31,2024-06-07,2024-06-14,2024-12-29,PSX/N-557,https://www.psx.com.pk/psx/themes/psx/uploads/Notice-KMI30_Re-compostion-_June_24%28final%29.pdf,SHEL,official_psx_recomposition_notice
2023-12-31,2024-06-07,2024-06-14,2024-12-29,PSX/N-557,https://www.psx.com.pk/psx/themes/psx/uploads/Notice-KMI30_Re-compostion-_June_24%28final%29.pdf,DGKC,official_psx_recomposition_notice
2023-12-31,2024-06-07,2024-06-14,2024-12-29,PSX/N-557,https://www.psx.com.pk/psx/themes/psx/uploads/Notice-KMI30_Re-compostion-_June_24%28final%29.pdf,PRL,official_psx_recomposition_notice
2023-12-31,2024-06-07,2024-06-14,2024-12-29,PSX/N-557,https://www.psx.com.pk/psx/themes/psx/uploads/Notice-KMI30_Re-compostion-_June_24%28final%29.pdf,SEARL,official_psx_recomposition_notice
2023-12-31,2024-06-07,2024-06-14,2024-12-29,PSX/N-557,https://www.psx.com.pk/psx/themes/psx/uploads/Notice-KMI30_Re-compostion-_June_24%28final%29.pdf,PIOC,official_psx_recomposition_notice
2023-12-31,2024-06-07,2024-06-14,2024-12-29,PSX/N-557,https://www.psx.com.pk/psx/themes/psx/uploads/Notice-KMI30_Re-compostion-_June_24%28final%29.pdf,TPLP,official_psx_recomposition_notice
2023-12-31,2024-06-07,2024-06-14,2024-12-29,PSX/N-557,https://www.psx.com.pk/psx/themes/psx/uploads/Notice-KMI30_Re-compostion-_June_24%28final%29.pdf,FCCL,official_psx_recomposition_notice
2023-12-31,2024-06-07,2024-06-14,2024-12-29,PSX/N-557,https://www.psx.com.pk/psx/themes/psx/uploads/Notice-KMI30_Re-compostion-_June_24%28final%29.pdf,CHCC,official_psx_recomposition_notice
2023-12-31,2024-06-07,2024-06-14,2024-12-29,PSX/N-557,https://www.psx.com.pk/psx/themes/psx/uploads/Notice-KMI30_Re-compostion-_June_24%28final%29.pdf,NML,official_psx_recomposition_notice
2023-12-31,2024-06-07,2024-06-14,2024-12-29,PSX/N-557,https://www.psx.com.pk/psx/themes/psx/uploads/Notice-KMI30_Re-compostion-_June_24%28final%29.pdf,UNITY,official_psx_recomposition_notice
2023-12-31,2024-06-07,2024-06-14,2024-12-29,PSX/N-557,https://www.psx.com.pk/psx/themes/psx/uploads/Notice-KMI30_Re-compostion-_June_24%28final%29.pdf,ILP,official_psx_recomposition_notice
2023-12-31,2024-06-07,2024-06-14,2024-12-29,PSX/N-557,https://www.psx.com.pk/psx/themes/psx/uploads/Notice-KMI30_Re-compostion-_June_24%28final%29.pdf,NETSOL,official_psx_recomposition_notice
2023-12-31,2024-06-07,2024-06-14,2024-12-29,PSX/N-557,https://www.psx.com.pk/psx/themes/psx/uploads/Notice-KMI30_Re-compostion-_June_24%28final%29.pdf,FABL,official_psx_recomposition_notice
2023-12-31,2024-06-07,2024-06-14,2024-12-29,PSX/N-557,https://www.psx.com.pk/psx/themes/psx/uploads/Notice-KMI30_Re-compostion-_June_24%28final%29.pdf,EPCL,official_psx_recomposition_notice
2023-12-31,2024-06-07,2024-06-14,2024-12-29,PSX/N-557,https://www.psx.com.pk/psx/themes/psx/uploads/Notice-KMI30_Re-compostion-_June_24%28final%29.pdf,AIRLINK,official_psx_recomposition_notice
2023-12-31,2024-06-07,2024-06-14,2024-12-29,PSX/N-557,https://www.psx.com.pk/psx/themes/psx/uploads/Notice-KMI30_Re-compostion-_June_24%28final%29.pdf,DCR,official_psx_recomposition_notice
2024-06-30,2024-12-20,2024-12-30,2025-06-01,PSX/N-1256,https://www.psx.com.pk/psx/themes/psx/uploads/KMI30-Index-Re-composition-Notice-final1-12-23-24.pdf,HUBC,official_psx_recomposition_notice
2024-06-30,2024-12-20,2024-12-30,2025-06-01,PSX/N-1256,https://www.psx.com.pk/psx/themes/psx/uploads/KMI30-Index-Re-composition-Notice-final1-12-23-24.pdf,EFERT,official_psx_recomposition_notice
2024-06-30,2024-12-20,2024-12-30,2025-06-01,PSX/N-1256,https://www.psx.com.pk/psx/themes/psx/uploads/KMI30-Index-Re-composition-Notice-final1-12-23-24.pdf,MEBL,official_psx_recomposition_notice
2024-06-30,2024-12-20,2024-12-30,2025-06-01,PSX/N-1256,https://www.psx.com.pk/psx/themes/psx/uploads/KMI30-Index-Re-composition-Notice-final1-12-23-24.pdf,MARI,official_psx_recomposition_notice
2024-06-30,2024-12-20,2024-12-30,2025-06-01,PSX/N-1256,https://www.psx.com.pk/psx/themes/psx/uploads/KMI30-Index-Re-composition-Notice-final1-12-23-24.pdf,OGDC,official_psx_recomposition_notice
2024-06-30,2024-12-20,2024-12-30,2025-06-01,PSX/N-1256,https://www.psx.com.pk/psx/themes/psx/uploads/KMI30-Index-Re-composition-Notice-final1-12-23-24.pdf,ENGRO,official_psx_recomposition_notice
2024-06-30,2024-12-20,2024-12-30,2025-06-01,PSX/N-1256,https://www.psx.com.pk/psx/themes/psx/uploads/KMI30-Index-Re-composition-Notice-final1-12-23-24.pdf,LUCK,official_psx_recomposition_notice
2024-06-30,2024-12-20,2024-12-30,2025-06-01,PSX/N-1256,https://www.psx.com.pk/psx/themes/psx/uploads/KMI30-Index-Re-composition-Notice-final1-12-23-24.pdf,PPL,official_psx_recomposition_notice
2024-06-30,2024-12-20,2024-12-30,2025-06-01,PSX/N-1256,https://www.psx.com.pk/psx/themes/psx/uploads/KMI30-Index-Re-composition-Notice-final1-12-23-24.pdf,SYS,official_psx_recomposition_notice
2024-06-30,2024-12-20,2024-12-30,2025-06-01,PSX/N-1256,https://www.psx.com.pk/psx/themes/psx/uploads/KMI30-Index-Re-composition-Notice-final1-12-23-24.pdf,MTL,official_psx_recomposition_notice
2024-06-30,2024-12-20,2024-12-30,2025-06-01,PSX/N-1256,https://www.psx.com.pk/psx/themes/psx/uploads/KMI30-Index-Re-composition-Notice-final1-12-23-24.pdf,DAWH,official_psx_recomposition_notice
2024-06-30,2024-12-20,2024-12-30,2025-06-01,PSX/N-1256,https://www.psx.com.pk/psx/themes/psx/uploads/KMI30-Index-Re-composition-Notice-final1-12-23-24.pdf,PSO,official_psx_recomposition_notice
2024-06-30,2024-12-20,2024-12-30,2025-06-01,PSX/N-1256,https://www.psx.com.pk/psx/themes/psx/uploads/KMI30-Index-Re-composition-Notice-final1-12-23-24.pdf,FCCL,official_psx_recomposition_notice
2024-06-30,2024-12-20,2024-12-30,2025-06-01,PSX/N-1256,https://www.psx.com.pk/psx/themes/psx/uploads/KMI30-Index-Re-composition-Notice-final1-12-23-24.pdf,SAZEW,official_psx_recomposition_notice
2024-06-30,2024-12-20,2024-12-30,2025-06-01,PSX/N-1256,https://www.psx.com.pk/psx/themes/psx/uploads/KMI30-Index-Re-composition-Notice-final1-12-23-24.pdf,PIOC,official_psx_recomposition_notice
2024-06-30,2024-12-20,2024-12-30,2025-06-01,PSX/N-1256,https://www.psx.com.pk/psx/themes/psx/uploads/KMI30-Index-Re-composition-Notice-final1-12-23-24.pdf,SNGP,official_psx_recomposition_notice
2024-06-30,2024-12-20,2024-12-30,2025-06-01,PSX/N-1256,https://www.psx.com.pk/psx/themes/psx/uploads/KMI30-Index-Re-composition-Notice-final1-12-23-24.pdf,FABL,official_psx_recomposition_notice
2024-06-30,2024-12-20,2024-12-30,2025-06-01,PSX/N-1256,https://www.psx.com.pk/psx/themes/psx/uploads/KMI30-Index-Re-composition-Notice-final1-12-23-24.pdf,DGKC,official_psx_recomposition_notice
2024-06-30,2024-12-20,2024-12-30,2025-06-01,PSX/N-1256,https://www.psx.com.pk/psx/themes/psx/uploads/KMI30-Index-Re-composition-Notice-final1-12-23-24.pdf,MLCF,official_psx_recomposition_notice
2024-06-30,2024-12-20,2024-12-30,2025-06-01,PSX/N-1256,https://www.psx.com.pk/psx/themes/psx/uploads/KMI30-Index-Re-composition-Notice-final1-12-23-24.pdf,SEARL,official_psx_recomposition_notice
2024-06-30,2024-12-20,2024-12-30,2025-06-01,PSX/N-1256,https://www.psx.com.pk/psx/themes/psx/uploads/KMI30-Index-Re-composition-Notice-final1-12-23-24.pdf,ATRL,official_psx_recomposition_notice
2024-06-30,2024-12-20,2024-12-30,2025-06-01,PSX/N-1256,https://www.psx.com.pk/psx/themes/psx/uploads/KMI30-Index-Re-composition-Notice-final1-12-23-24.pdf,AIRLINK,official_psx_recomposition_notice
2024-06-30,2024-12-20,2024-12-30,2025-06-01,PSX/N-1256,https://www.psx.com.pk/psx/themes/psx/uploads/KMI30-Index-Re-composition-Notice-final1-12-23-24.pdf,PAEL,official_psx_recomposition_notice
2024-06-30,2024-12-20,2024-12-30,2025-06-01,PSX/N-1256,https://www.psx.com.pk/psx/themes/psx/uploads/KMI30-Index-Re-composition-Notice-final1-12-23-24.pdf,KEL,official_psx_recomposition_notice
2024-06-30,2024-12-20,2024-12-30,2025-06-01,PSX/N-1256,https://www.psx.com.pk/psx/themes/psx/uploads/KMI30-Index-Re-composition-Notice-final1-12-23-24.pdf,UNITY,official_psx_recomposition_notice
2024-06-30,2024-12-20,2024-12-30,2025-06-01,PSX/N-1256,https://www.psx.com.pk/psx/themes/psx/uploads/KMI30-Index-Re-composition-Notice-final1-12-23-24.pdf,EPCL,official_psx_recomposition_notice
2024-06-30,2024-12-20,2024-12-30,2025-06-01,PSX/N-1256,https://www.psx.com.pk/psx/themes/psx/uploads/KMI30-Index-Re-composition-Notice-final1-12-23-24.pdf,HCAR,official_psx_recomposition_notice
2024-06-30,2024-12-20,2024-12-30,2025-06-01,PSX/N-1256,https://www.psx.com.pk/psx/themes/psx/uploads/KMI30-Index-Re-composition-Notice-final1-12-23-24.pdf,NRL,official_psx_recomposition_notice
2024-06-30,2024-12-20,2024-12-30,2025-06-01,PSX/N-1256,https://www.psx.com.pk/psx/themes/psx/uploads/KMI30-Index-Re-composition-Notice-final1-12-23-24.pdf,PRL,official_psx_recomposition_notice
2024-06-30,2024-12-20,2024-12-30,2025-06-01,PSX/N-1256,https://www.psx.com.pk/psx/themes/psx/uploads/KMI30-Index-Re-composition-Notice-final1-12-23-24.pdf,FFL,official_psx_recomposition_notice
2024-12-31,2025-05-23,2025-06-02,2025-11-23,PSX/N-545,https://www.psx.com.pk/psx/themes/psx/uploads/Combined-KMI30-Notice-and-List-Dec-2024-revised.pdf,ENGROH,official_psx_recomposition_notice
2024-12-31,2025-05-23,2025-06-02,2025-11-23,PSX/N-545,https://www.psx.com.pk/psx/themes/psx/uploads/Combined-KMI30-Notice-and-List-Dec-2024-revised.pdf,MARI,official_psx_recomposition_notice
2024-12-31,2025-05-23,2025-06-02,2025-11-23,PSX/N-545,https://www.psx.com.pk/psx/themes/psx/uploads/Combined-KMI30-Notice-and-List-Dec-2024-revised.pdf,OGDC,official_psx_recomposition_notice
2024-12-31,2025-05-23,2025-06-02,2025-11-23,PSX/N-545,https://www.psx.com.pk/psx/themes/psx/uploads/Combined-KMI30-Notice-and-List-Dec-2024-revised.pdf,HUBC,official_psx_recomposition_notice
2024-12-31,2025-05-23,2025-06-02,2025-11-23,PSX/N-545,https://www.psx.com.pk/psx/themes/psx/uploads/Combined-KMI30-Notice-and-List-Dec-2024-revised.pdf,LUCK,official_psx_recomposition_notice
2024-12-31,2025-05-23,2025-06-02,2025-11-23,PSX/N-545,https://www.psx.com.pk/psx/themes/psx/uploads/Combined-KMI30-Notice-and-List-Dec-2024-revised.pdf,PPL,official_psx_recomposition_notice
2024-12-31,2025-05-23,2025-06-02,2025-11-23,PSX/N-545,https://www.psx.com.pk/psx/themes/psx/uploads/Combined-KMI30-Notice-and-List-Dec-2024-revised.pdf,EFERT,official_psx_recomposition_notice
2024-12-31,2025-05-23,2025-06-02,2025-11-23,PSX/N-545,https://www.psx.com.pk/psx/themes/psx/uploads/Combined-KMI30-Notice-and-List-Dec-2024-revised.pdf,MEBL,official_psx_recomposition_notice
2024-12-31,2025-05-23,2025-06-02,2025-11-23,PSX/N-545,https://www.psx.com.pk/psx/themes/psx/uploads/Combined-KMI30-Notice-and-List-Dec-2024-revised.pdf,SYS,official_psx_recomposition_notice
2024-12-31,2025-05-23,2025-06-02,2025-11-23,PSX/N-545,https://www.psx.com.pk/psx/themes/psx/uploads/Combined-KMI30-Notice-and-List-Dec-2024-revised.pdf,PSO,official_psx_recomposition_notice
2024-12-31,2025-05-23,2025-06-02,2025-11-23,PSX/N-545,https://www.psx.com.pk/psx/themes/psx/uploads/Combined-KMI30-Notice-and-List-Dec-2024-revised.pdf,MTL,official_psx_recomposition_notice
2024-12-31,2025-05-23,2025-06-02,2025-11-23,PSX/N-545,https://www.psx.com.pk/psx/themes/psx/uploads/Combined-KMI30-Notice-and-List-Dec-2024-revised.pdf,FCCL,official_psx_recomposition_notice
2024-12-31,2025-05-23,2025-06-02,2025-11-23,PSX/N-545,https://www.psx.com.pk/psx/themes/psx/uploads/Combined-KMI30-Notice-and-List-Dec-2024-revised.pdf,SNGP,official_psx_recomposition_notice
2024-12-31,2025-05-23,2025-06-02,2025-11-23,PSX/N-545,https://www.psx.com.pk/psx/themes/psx/uploads/Combined-KMI30-Notice-and-List-Dec-2024-revised.pdf,DGKC,official_psx_recomposition_notice
2024-12-31,2025-05-23,2025-06-02,2025-11-23,PSX/N-545,https://www.psx.com.pk/psx/themes/psx/uploads/Combined-KMI30-Notice-and-List-Dec-2024-revised.pdf,MLCF,official_psx_recomposition_notice
2024-12-31,2025-05-23,2025-06-02,2025-11-23,PSX/N-545,https://www.psx.com.pk/psx/themes/psx/uploads/Combined-KMI30-Notice-and-List-Dec-2024-revised.pdf,ATRL,official_psx_recomposition_notice
2024-12-31,2025-05-23,2025-06-02,2025-11-23,PSX/N-545,https://www.psx.com.pk/psx/themes/psx/uploads/Combined-KMI30-Notice-and-List-Dec-2024-revised.pdf,SEARL,official_psx_recomposition_notice
2024-12-31,2025-05-23,2025-06-02,2025-11-23,PSX/N-545,https://www.psx.com.pk/psx/themes/psx/uploads/Combined-KMI30-Notice-and-List-Dec-2024-revised.pdf,PAEL,official_psx_recomposition_notice
2024-12-31,2025-05-23,2025-06-02,2025-11-23,PSX/N-545,https://www.psx.com.pk/psx/themes/psx/uploads/Combined-KMI30-Notice-and-List-Dec-2024-revised.pdf,SAZEW,official_psx_recomposition_notice
2024-12-31,2025-05-23,2025-06-02,2025-11-23,PSX/N-545,https://www.psx.com.pk/psx/themes/psx/uploads/Combined-KMI30-Notice-and-List-Dec-2024-revised.pdf,PIOC,official_psx_recomposition_notice
2024-12-31,2025-05-23,2025-06-02,2025-11-23,PSX/N-545,https://www.psx.com.pk/psx/themes/psx/uploads/Combined-KMI30-Notice-and-List-Dec-2024-revised.pdf,FABL,official_psx_recomposition_notice
2024-12-31,2025-05-23,2025-06-02,2025-11-23,PSX/N-545,https://www.psx.com.pk/psx/themes/psx/uploads/Combined-KMI30-Notice-and-List-Dec-2024-revised.pdf,GHNI,official_psx_recomposition_notice
2024-12-31,2025-05-23,2025-06-02,2025-11-23,PSX/N-545,https://www.psx.com.pk/psx/themes/psx/uploads/Combined-KMI30-Notice-and-List-Dec-2024-revised.pdf,GAL,official_psx_recomposition_notice
2024-12-31,2025-05-23,2025-06-02,2025-11-23,PSX/N-545,https://www.psx.com.pk/psx/themes/psx/uploads/Combined-KMI30-Notice-and-List-Dec-2024-revised.pdf,PRL,official_psx_recomposition_notice
2024-12-31,2025-05-23,2025-06-02,2025-11-23,PSX/N-545,https://www.psx.com.pk/psx/themes/psx/uploads/Combined-KMI30-Notice-and-List-Dec-2024-revised.pdf,HCAR,official_psx_recomposition_notice
2024-12-31,2025-05-23,2025-06-02,2025-11-23,PSX/N-545,https://www.psx.com.pk/psx/themes/psx/uploads/Combined-KMI30-Notice-and-List-Dec-2024-revised.pdf,FFL,official_psx_recomposition_notice
2024-12-31,2025-05-23,2025-06-02,2025-11-23,PSX/N-545,https://www.psx.com.pk/psx/themes/psx/uploads/Combined-KMI30-Notice-and-List-Dec-2024-revised.pdf,AVN,official_psx_recomposition_notice
2024-12-31,2025-05-23,2025-06-02,2025-11-23,PSX/N-545,https://www.psx.com.pk/psx/themes/psx/uploads/Combined-KMI30-Notice-and-List-Dec-2024-revised.pdf,NETSOL,official_psx_recomposition_notice
2024-12-31,2025-05-23,2025-06-02,2025-11-23,PSX/N-545,https://www.psx.com.pk/psx/themes/psx/uploads/Combined-KMI30-Notice-and-List-Dec-2024-revised.pdf,TOMCL,official_psx_recomposition_notice
2024-12-31,2025-05-23,2025-06-02,2025-11-23,PSX/N-545,https://www.psx.com.pk/psx/themes/psx/uploads/Combined-KMI30-Notice-and-List-Dec-2024-revised.pdf,OCTOPUS,official_psx_recomposition_notice
2025-06-30,2025-11-14,2025-11-24,9999-12-31,PSX/N-1231,https://www.psx.com.pk/psx/themes/psx/uploads/Notice-KMI30-Index-Nov-14-2025-merged.pdf,AIRLINK,official_psx_recomposition_notice
2025-06-30,2025-11-14,2025-11-24,9999-12-31,PSX/N-1231,https://www.psx.com.pk/psx/themes/psx/uploads/Notice-KMI30-Index-Nov-14-2025-merged.pdf,ATRL,official_psx_recomposition_notice
2025-06-30,2025-11-14,2025-11-24,9999-12-31,PSX/N-1231,https://www.psx.com.pk/psx/themes/psx/uploads/Notice-KMI30-Index-Nov-14-2025-merged.pdf,CNERGY,official_psx_recomposition_notice
2025-06-30,2025-11-14,2025-11-24,9999-12-31,PSX/N-1231,https://www.psx.com.pk/psx/themes/psx/uploads/Notice-KMI30-Index-Nov-14-2025-merged.pdf,CPHL,official_psx_recomposition_notice
2025-06-30,2025-11-14,2025-11-24,9999-12-31,PSX/N-1231,https://www.psx.com.pk/psx/themes/psx/uploads/Notice-KMI30-Index-Nov-14-2025-merged.pdf,DGKC,official_psx_recomposition_notice
2025-06-30,2025-11-14,2025-11-24,9999-12-31,PSX/N-1231,https://www.psx.com.pk/psx/themes/psx/uploads/Notice-KMI30-Index-Nov-14-2025-merged.pdf,EFERT,official_psx_recomposition_notice
2025-06-30,2025-11-14,2025-11-24,9999-12-31,PSX/N-1231,https://www.psx.com.pk/psx/themes/psx/uploads/Notice-KMI30-Index-Nov-14-2025-merged.pdf,ENGROH,official_psx_recomposition_notice
2025-06-30,2025-11-14,2025-11-24,9999-12-31,PSX/N-1231,https://www.psx.com.pk/psx/themes/psx/uploads/Notice-KMI30-Index-Nov-14-2025-merged.pdf,FCCL,official_psx_recomposition_notice
2025-06-30,2025-11-14,2025-11-24,9999-12-31,PSX/N-1231,https://www.psx.com.pk/psx/themes/psx/uploads/Notice-KMI30-Index-Nov-14-2025-merged.pdf,FFC,official_psx_recomposition_notice
2025-06-30,2025-11-14,2025-11-24,9999-12-31,PSX/N-1231,https://www.psx.com.pk/psx/themes/psx/uploads/Notice-KMI30-Index-Nov-14-2025-merged.pdf,FFL,official_psx_recomposition_notice
2025-06-30,2025-11-14,2025-11-24,9999-12-31,PSX/N-1231,https://www.psx.com.pk/psx/themes/psx/uploads/Notice-KMI30-Index-Nov-14-2025-merged.pdf,GAL,official_psx_recomposition_notice
2025-06-30,2025-11-14,2025-11-24,9999-12-31,PSX/N-1231,https://www.psx.com.pk/psx/themes/psx/uploads/Notice-KMI30-Index-Nov-14-2025-merged.pdf,GHNI,official_psx_recomposition_notice
2025-06-30,2025-11-14,2025-11-24,9999-12-31,PSX/N-1231,https://www.psx.com.pk/psx/themes/psx/uploads/Notice-KMI30-Index-Nov-14-2025-merged.pdf,GLAXO,official_psx_recomposition_notice
2025-06-30,2025-11-14,2025-11-24,9999-12-31,PSX/N-1231,https://www.psx.com.pk/psx/themes/psx/uploads/Notice-KMI30-Index-Nov-14-2025-merged.pdf,HUBC,official_psx_recomposition_notice
2025-06-30,2025-11-14,2025-11-24,9999-12-31,PSX/N-1231,https://www.psx.com.pk/psx/themes/psx/uploads/Notice-KMI30-Index-Nov-14-2025-merged.pdf,LUCK,official_psx_recomposition_notice
2025-06-30,2025-11-14,2025-11-24,9999-12-31,PSX/N-1231,https://www.psx.com.pk/psx/themes/psx/uploads/Notice-KMI30-Index-Nov-14-2025-merged.pdf,MARI,official_psx_recomposition_notice
2025-06-30,2025-11-14,2025-11-24,9999-12-31,PSX/N-1231,https://www.psx.com.pk/psx/themes/psx/uploads/Notice-KMI30-Index-Nov-14-2025-merged.pdf,MEBL,official_psx_recomposition_notice
2025-06-30,2025-11-14,2025-11-24,9999-12-31,PSX/N-1231,https://www.psx.com.pk/psx/themes/psx/uploads/Notice-KMI30-Index-Nov-14-2025-merged.pdf,MLCF,official_psx_recomposition_notice
2025-06-30,2025-11-14,2025-11-24,9999-12-31,PSX/N-1231,https://www.psx.com.pk/psx/themes/psx/uploads/Notice-KMI30-Index-Nov-14-2025-merged.pdf,MTL,official_psx_recomposition_notice
2025-06-30,2025-11-14,2025-11-24,9999-12-31,PSX/N-1231,https://www.psx.com.pk/psx/themes/psx/uploads/Notice-KMI30-Index-Nov-14-2025-merged.pdf,NRL,official_psx_recomposition_notice
2025-06-30,2025-11-14,2025-11-24,9999-12-31,PSX/N-1231,https://www.psx.com.pk/psx/themes/psx/uploads/Notice-KMI30-Index-Nov-14-2025-merged.pdf,OGDC,official_psx_recomposition_notice
2025-06-30,2025-11-14,2025-11-24,9999-12-31,PSX/N-1231,https://www.psx.com.pk/psx/themes/psx/uploads/Notice-KMI30-Index-Nov-14-2025-merged.pdf,PAEL,official_psx_recomposition_notice
2025-06-30,2025-11-14,2025-11-24,9999-12-31,PSX/N-1231,https://www.psx.com.pk/psx/themes/psx/uploads/Notice-KMI30-Index-Nov-14-2025-merged.pdf,PPL,official_psx_recomposition_notice
2025-06-30,2025-11-14,2025-11-24,9999-12-31,PSX/N-1231,https://www.psx.com.pk/psx/themes/psx/uploads/Notice-KMI30-Index-Nov-14-2025-merged.pdf,PRL,official_psx_recomposition_notice
2025-06-30,2025-11-14,2025-11-24,9999-12-31,PSX/N-1231,https://www.psx.com.pk/psx/themes/psx/uploads/Notice-KMI30-Index-Nov-14-2025-merged.pdf,PSO,official_psx_recomposition_notice
2025-06-30,2025-11-14,2025-11-24,9999-12-31,PSX/N-1231,https://www.psx.com.pk/psx/themes/psx/uploads/Notice-KMI30-Index-Nov-14-2025-merged.pdf,SAZEW,official_psx_recomposition_notice
2025-06-30,2025-11-14,2025-11-24,9999-12-31,PSX/N-1231,https://www.psx.com.pk/psx/themes/psx/uploads/Notice-KMI30-Index-Nov-14-2025-merged.pdf,SEARL,official_psx_recomposition_notice
2025-06-30,2025-11-14,2025-11-24,9999-12-31,PSX/N-1231,https://www.psx.com.pk/psx/themes/psx/uploads/Notice-KMI30-Index-Nov-14-2025-merged.pdf,SNGP,official_psx_recomposition_notice
2025-06-30,2025-11-14,2025-11-24,9999-12-31,PSX/N-1231,https://www.psx.com.pk/psx/themes/psx/uploads/Notice-KMI30-Index-Nov-14-2025-merged.pdf,SSGC,official_psx_recomposition_notice
2025-06-30,2025-11-14,2025-11-24,9999-12-31,PSX/N-1231,https://www.psx.com.pk/psx/themes/psx/uploads/Notice-KMI30-Index-Nov-14-2025-merged.pdf,SYS,official_psx_recomposition_notice
