symbol,company_name,effective_from,shariah_compliant,index_member,source_row_number,pdf_page,final_shariah_status,source_notice_no,source_notice_date,source_url,source_type
ABOT,Abbott Lab (Pakistan) Ltd*,2022-01-03,True,True,1,4,Compliant,PSX/N-1504,2021-12-24,https://www.psx.com.pk/psx/themes/psx/uploads/sharia_KMI_All_Share_list_June_2021_Final_27122021.pdf,official_psx_recomposition
ACPL,Attock Cement Pakistan Ltd,2022-01-03,True,True,23,4,Compliant,PSX/N-1504,2021-12-24,https://www.psx.com.pk/psx/themes/psx/uploads/sharia_KMI_All_Share_list_June_2021_Final_27122021.pdf,official_psx_recomposition
ADAMS,Adam Sugar Mills Ltd*,2022-01-03,True,True,3,4,Compliant1,PSX/N-1504,2021-12-24,https://www.psx.com.pk/psx/themes/psx/uploads/sharia_KMI_All_Share_list_June_2021_Final_27122021.pdf,official_psx_recomposition
ADOS,Ados Pakistan Ltd,2022-01-03,True,True,4,4,Compliant,PSX/N-1504,2021-12-24,https://www.psx.com.pk/psx/themes/psx/uploads/sharia_KMI_All_Share_list_June_2021_Final_27122021.pdf,official_psx_recomposition
AGHA,Agha Steel Ind Ltd,2022-01-03,True,True,5,4,Compliant,PSX/N-1504,2021-12-24,https://www.psx.com.pk/psx/themes/psx/uploads/sharia_KMI_All_Share_list_June_2021_Final_27122021.pdf,official_psx_recomposition
AGIL,Agriauto Industries Ltd,2022-01-03,True,True,7,4,Compliant,PSX/N-1504,2021-12-24,https://www.psx.com.pk/psx/themes/psx/uploads/sharia_KMI_All_Share_list_June_2021_Final_27122021.pdf,official_psx_recomposition
AGP,AGP Limited*,2022-01-03,True,True,6,4,Compliant,PSX/N-1504,2021-12-24,https://www.psx.com.pk/psx/themes/psx/uploads/sharia_KMI_All_Share_list_June_2021_Final_27122021.pdf,official_psx_recomposition
AGSML,Abdullah Shah Ghazi Sugar Mills*,2022-01-03,True,True,2,4,Compliant1,PSX/N-1504,2021-12-24,https://www.psx.com.pk/psx/themes/psx/uploads/sharia_KMI_All_Share_list_June_2021_Final_27122021.pdf,official_psx_recomposition
AGTL,Al-Ghazi Tractors Ltd,2022-01-03,True,True,11,4,Compliant,PSX/N-1504,2021-12-24,https://www.psx.com.pk/psx/themes/psx/uploads/sharia_KMI_All_Share_list_June_2021_Final_27122021.pdf,official_psx_recomposition
AHTM,Ahmed Hassan Textile Mills Ltd,2022-01-03,True,True,8,4,Compliant,PSX/N-1504,2021-12-24,https://www.psx.com.pk/psx/themes/psx/uploads/sharia_KMI_All_Share_list_June_2021_Final_27122021.pdf,official_psx_recomposition
AKGL,AL-Khair Gadoon Ltd,2022-01-03,True,True,12,4,Compliant,PSX/N-1504,2021-12-24,https://www.psx.com.pk/psx/themes/psx/uploads/sharia_KMI_All_Share_list_June_2021_Final_27122021.pdf,official_psx_recomposition
ANL,Azgard Nine Ltd,2022-01-03,True,True,28,4,Compliant,PSX/N-1504,2021-12-24,https://www.psx.com.pk/psx/themes/psx/uploads/sharia_KMI_All_Share_list_June_2021_Final_27122021.pdf,official_psx_recomposition
ANTM,AN Textile Mills Ltd. (Ishaq Textile Mills Ltd.,2022-01-03,True,True,16,4,Compliant,PSX/N-1504,2021-12-24,https://www.psx.com.pk/psx/themes/psx/uploads/sharia_KMI_All_Share_list_June_2021_Final_27122021.pdf,official_psx_recomposition
APL,Attock Petroleum Ltd,2022-01-03,True,True,24,4,Compliant,PSX/N-1504,2021-12-24,https://www.psx.com.pk/psx/themes/psx/uploads/sharia_KMI_All_Share_list_June_2021_Final_27122021.pdf,official_psx_recomposition
ARM,Allied Rental Modaraba,2022-01-03,True,True,14,4,Compliant **,PSX/N-1504,2021-12-24,https://www.psx.com.pk/psx/themes/psx/uploads/sharia_KMI_All_Share_list_June_2021_Final_27122021.pdf,official_psx_recomposition
ARPL,Archroma Pakistan Ltd,2022-01-03,True,True,17,4,Compliant,PSX/N-1504,2021-12-24,https://www.psx.com.pk/psx/themes/psx/uploads/sharia_KMI_All_Share_list_June_2021_Final_27122021.pdf,official_psx_recomposition
ASC,Al Shaheer Corporation Ltd,2022-01-03,True,True,10,4,Compliant,PSX/N-1504,2021-12-24,https://www.psx.com.pk/psx/themes/psx/uploads/sharia_KMI_All_Share_list_June_2021_Final_27122021.pdf,official_psx_recomposition
ASHT,Ashfaq Textile Mills Ltd,2022-01-03,True,True,18,4,Compliant,PSX/N-1504,2021-12-24,https://www.psx.com.pk/psx/themes/psx/uploads/sharia_KMI_All_Share_list_June_2021_Final_27122021.pdf,official_psx_recomposition
ASL,Aisha Steel Ltd,2022-01-03,True,True,9,4,Compliant,PSX/N-1504,2021-12-24,https://www.psx.com.pk/psx/themes/psx/uploads/sharia_KMI_All_Share_list_June_2021_Final_27122021.pdf,official_psx_recomposition
ASTM,Asim Textile Mills Ltd,2022-01-03,True,True,19,4,Compliant,PSX/N-1504,2021-12-24,https://www.psx.com.pk/psx/themes/psx/uploads/sharia_KMI_All_Share_list_June_2021_Final_27122021.pdf,official_psx_recomposition
ATBA,Atlas Battery Ltd,2022-01-03,True,True,20,4,Compliant,PSX/N-1504,2021-12-24,https://www.psx.com.pk/psx/themes/psx/uploads/sharia_KMI_All_Share_list_June_2021_Final_27122021.pdf,official_psx_recomposition
ATLH,Atlas Honda Ltd,2022-01-03,True,True,21,4,Compliant1,PSX/N-1504,2021-12-24,https://www.psx.com.pk/psx/themes/psx/uploads/sharia_KMI_All_Share_list_June_2021_Final_27122021.pdf,official_psx_recomposition
ATRL,Attock Refinery Ltd,2022-01-03,True,True,25,4,Compliant,PSX/N-1504,2021-12-24,https://www.psx.com.pk/psx/themes/psx/uploads/sharia_KMI_All_Share_list_June_2021_Final_27122021.pdf,official_psx_recomposition
AVN,Avanceon Limited* #,2022-01-03,True,True,26,4,Compliant,PSX/N-1504,2021-12-24,https://www.psx.com.pk/psx/themes/psx/uploads/sharia_KMI_All_Share_list_June_2021_Final_27122021.pdf,official_psx_recomposition
AWTX,Allawasaya Textile Mills Ltd,2022-01-03,True,True,13,4,Compliant,PSX/N-1504,2021-12-24,https://www.psx.com.pk/psx/themes/psx/uploads/sharia_KMI_All_Share_list_June_2021_Final_27122021.pdf,official_psx_recomposition
AWWAL,Awwal Modaraba,2022-01-03,True,True,27,4,Compliant **,PSX/N-1504,2021-12-24,https://www.psx.com.pk/psx/themes/psx/uploads/sharia_KMI_All_Share_list_June_2021_Final_27122021.pdf,official_psx_recomposition
BATA,Bata (Pakistan) Ltd,2022-01-03,True,True,36,4,Compliant,PSX/N-1504,2021-12-24,https://www.psx.com.pk/psx/themes/psx/uploads/sharia_KMI_All_Share_list_June_2021_Final_27122021.pdf,official_psx_recomposition
BCML,Babri Cotton Mills Ltd,2022-01-03,True,True,31,4,Compliant,PSX/N-1504,2021-12-24,https://www.psx.com.pk/psx/themes/psx/uploads/sharia_KMI_All_Share_list_June_2021_Final_27122021.pdf,official_psx_recomposition
BERG,Berger Paints Pakistan Ltd,2022-01-03,True,True,37,4,Compliant,PSX/N-1504,2021-12-24,https://www.psx.com.pk/psx/themes/psx/uploads/sharia_KMI_All_Share_list_June_2021_Final_27122021.pdf,official_psx_recomposition
BFMOD,B.F. Modaraba,2022-01-03,True,True,29,4,Compliant **,PSX/N-1504,2021-12-24,https://www.psx.com.pk/psx/themes/psx/uploads/sharia_KMI_All_Share_list_June_2021_Final_27122021.pdf,official_psx_recomposition
BGL,Balochistan Glass Ltd,2022-01-03,True,True,32,4,Compliant,PSX/N-1504,2021-12-24,https://www.psx.com.pk/psx/themes/psx/uploads/sharia_KMI_All_Share_list_June_2021_Final_27122021.pdf,official_psx_recomposition
BHAT,Bhanero Textile Mills Ltd,2022-01-03,True,True,39,4,Compliant,PSX/N-1504,2021-12-24,https://www.psx.com.pk/psx/themes/psx/uploads/sharia_KMI_All_Share_list_June_2021_Final_27122021.pdf,official_psx_recomposition
BIFO,Biafo Industries Ltd,2022-01-03,True,True,40,4,Compliant,PSX/N-1504,2021-12-24,https://www.psx.com.pk/psx/themes/psx/uploads/sharia_KMI_All_Share_list_June_2021_Final_27122021.pdf,official_psx_recomposition
BIPL,BankIslami Pakistan Ltd*,2022-01-03,True,True,34,4,Compliant **,PSX/N-1504,2021-12-24,https://www.psx.com.pk/psx/themes/psx/uploads/sharia_KMI_All_Share_list_June_2021_Final_27122021.pdf,official_psx_recomposition
BNL,Bunnys Limited,2022-01-03,True,True,42,4,Compliant,PSX/N-1504,2021-12-24,https://www.psx.com.pk/psx/themes/psx/uploads/sharia_KMI_All_Share_list_June_2021_Final_27122021.pdf,official_psx_recomposition
BNWM,Bannu Woollen Mills Ltd,2022-01-03,True,True,35,4,Compliant,PSX/N-1504,2021-12-24,https://www.psx.com.pk/psx/themes/psx/uploads/sharia_KMI_All_Share_list_June_2021_Final_27122021.pdf,official_psx_recomposition
BPL,Burshane LPG (Pakistan) Ltd,2022-01-03,True,True,43,4,Compliant,PSX/N-1504,2021-12-24,https://www.psx.com.pk/psx/themes/psx/uploads/sharia_KMI_All_Share_list_June_2021_Final_27122021.pdf,official_psx_recomposition
BRR,B.R.R. Guardian Modaraba,2022-01-03,True,True,30,4,Compliant **,PSX/N-1504,2021-12-24,https://www.psx.com.pk/psx/themes/psx/uploads/sharia_KMI_All_Share_list_June_2021_Final_27122021.pdf,official_psx_recomposition
BTL,Blessed Textiles Ltd,2022-01-03,True,True,41,4,Compliant,PSX/N-1504,2021-12-24,https://www.psx.com.pk/psx/themes/psx/uploads/sharia_KMI_All_Share_list_June_2021_Final_27122021.pdf,official_psx_recomposition
BUXL,Buxly Paints Ltd,2022-01-03,True,True,44,4,Compliant,PSX/N-1504,2021-12-24,https://www.psx.com.pk/psx/themes/psx/uploads/sharia_KMI_All_Share_list_June_2021_Final_27122021.pdf,official_psx_recomposition
BWCL,Bestway Cement Ltd,2022-01-03,True,True,38,4,Compliant,PSX/N-1504,2021-12-24,https://www.psx.com.pk/psx/themes/psx/uploads/sharia_KMI_All_Share_list_June_2021_Final_27122021.pdf,official_psx_recomposition
BWHL,Baluchistan Wheels Ltd,2022-01-03,True,True,33,4,Compliant,PSX/N-1504,2021-12-24,https://www.psx.com.pk/psx/themes/psx/uploads/sharia_KMI_All_Share_list_June_2021_Final_27122021.pdf,official_psx_recomposition
BYCO,Byco Petroleum Pakistan Ltd,2022-01-03,True,True,45,4,Compliant,PSX/N-1504,2021-12-24,https://www.psx.com.pk/psx/themes/psx/uploads/sharia_KMI_All_Share_list_June_2021_Final_27122021.pdf,official_psx_recomposition
CCM,Crescent Cotton Mills Ltd,2022-01-03,True,True,50,4,Compliant,PSX/N-1504,2021-12-24,https://www.psx.com.pk/psx/themes/psx/uploads/sharia_KMI_All_Share_list_June_2021_Final_27122021.pdf,official_psx_recomposition
CEPB,Century Paper & Board Mills,2022-01-03,True,True,46,4,Compliant,PSX/N-1504,2021-12-24,https://www.psx.com.pk/psx/themes/psx/uploads/sharia_KMI_All_Share_list_June_2021_Final_27122021.pdf,official_psx_recomposition
CFL,Crescent Fibres Ltd,2022-01-03,True,True,51,4,Compliant,PSX/N-1504,2021-12-24,https://www.psx.com.pk/psx/themes/psx/uploads/sharia_KMI_All_Share_list_June_2021_Final_27122021.pdf,official_psx_recomposition
CHCC,Cherat Cement Co. Ltd,2022-01-03,True,True,47,4,Compliant,PSX/N-1504,2021-12-24,https://www.psx.com.pk/psx/themes/psx/uploads/sharia_KMI_All_Share_list_June_2021_Final_27122021.pdf,official_psx_recomposition
CPPL,Cherat Packaging Ltd,2022-01-03,True,True,48,4,Compliant,PSX/N-1504,2021-12-24,https://www.psx.com.pk/psx/themes/psx/uploads/sharia_KMI_All_Share_list_June_2021_Final_27122021.pdf,official_psx_recomposition
DAAG,Data Agro Limited,2022-01-03,True,True,55,4,Compliant,PSX/N-1504,2021-12-24,https://www.psx.com.pk/psx/themes/psx/uploads/sharia_KMI_All_Share_list_June_2021_Final_27122021.pdf,official_psx_recomposition
DADX,Dadex Eternit Limited,2022-01-03,True,True,54,4,Compliant,PSX/N-1504,2021-12-24,https://www.psx.com.pk/psx/themes/psx/uploads/sharia_KMI_All_Share_list_June_2021_Final_27122021.pdf,official_psx_recomposition
DAWH,Dawood Hercules Corporation,2022-01-03,True,True,56,4,Compliant,PSX/N-1504,2021-12-24,https://www.psx.com.pk/psx/themes/psx/uploads/sharia_KMI_All_Share_list_June_2021_Final_27122021.pdf,official_psx_recomposition
DCL,Dewan Cement Ltd,2022-01-03,True,True,58,4,Compliant,PSX/N-1504,2021-12-24,https://www.psx.com.pk/psx/themes/psx/uploads/sharia_KMI_All_Share_list_June_2021_Final_27122021.pdf,official_psx_recomposition
DCR,Dolmen City REIT,2022-01-03,True,True,61,4,Compliant,PSX/N-1504,2021-12-24,https://www.psx.com.pk/psx/themes/psx/uploads/sharia_KMI_All_Share_list_June_2021_Final_27122021.pdf,official_psx_recomposition
DFSM,Dewan Farooq Spinning Mills Ltd,2022-01-03,True,True,59,4,Compliant,PSX/N-1504,2021-12-24,https://www.psx.com.pk/psx/themes/psx/uploads/sharia_KMI_All_Share_list_June_2021_Final_27122021.pdf,official_psx_recomposition
DGKC,D.G. Khan Cement Co. Ltd,2022-01-03,True,True,52,4,Compliant,PSX/N-1504,2021-12-24,https://www.psx.com.pk/psx/themes/psx/uploads/sharia_KMI_All_Share_list_June_2021_Final_27122021.pdf,official_psx_recomposition
DINT,Din Textile Mills Ltd,2022-01-03,True,True,60,4,Compliant,PSX/N-1504,2021-12-24,https://www.psx.com.pk/psx/themes/psx/uploads/sharia_KMI_All_Share_list_June_2021_Final_27122021.pdf,official_psx_recomposition
DOL,Descon Oxychem Ltd,2022-01-03,True,True,57,4,Compliant,PSX/N-1504,2021-12-24,https://www.psx.com.pk/psx/themes/psx/uploads/sharia_KMI_All_Share_list_June_2021_Final_27122021.pdf,official_psx_recomposition
DSIL,DS Industries Ltd,2022-01-03,True,True,62,4,Compliant,PSX/N-1504,2021-12-24,https://www.psx.com.pk/psx/themes/psx/uploads/sharia_KMI_All_Share_list_June_2021_Final_27122021.pdf,official_psx_recomposition
DYNO,Dynea Pakistan Ltd,2022-01-03,True,True,63,4,Compliant,PSX/N-1504,2021-12-24,https://www.psx.com.pk/psx/themes/psx/uploads/sharia_KMI_All_Share_list_June_2021_Final_27122021.pdf,official_psx_recomposition
EFERT,Engro Fertilizers Ltd,2022-01-03,True,True,67,4,Compliant,PSX/N-1504,2021-12-24,https://www.psx.com.pk/psx/themes/psx/uploads/sharia_KMI_All_Share_list_June_2021_Final_27122021.pdf,official_psx_recomposition
ELCM,Elahi Cotton Mills Ltd,2022-01-03,True,True,64,4,Compliant,PSX/N-1504,2021-12-24,https://www.psx.com.pk/psx/themes/psx/uploads/sharia_KMI_All_Share_list_June_2021_Final_27122021.pdf,official_psx_recomposition
EMCO,EMCO Industries Ltd,2022-01-03,True,True,65,4,Compliant,PSX/N-1504,2021-12-24,https://www.psx.com.pk/psx/themes/psx/uploads/sharia_KMI_All_Share_list_June_2021_Final_27122021.pdf,official_psx_recomposition
ENGRO,Engro Corporation Ltd,2022-01-03,True,True,66,4,Compliant,PSX/N-1504,2021-12-24,https://www.psx.com.pk/psx/themes/psx/uploads/sharia_KMI_All_Share_list_June_2021_Final_27122021.pdf,official_psx_recomposition
EPCL,Engro Polymer & Chemicals,2022-01-03,True,True,68,4,Compliant,PSX/N-1504,2021-12-24,https://www.psx.com.pk/psx/themes/psx/uploads/sharia_KMI_All_Share_list_June_2021_Final_27122021.pdf,official_psx_recomposition
EXIDE,Exide Pakistan Ltd,2022-01-03,True,True,69,4,Compliant1,PSX/N-1504,2021-12-24,https://www.psx.com.pk/psx/themes/psx/uploads/sharia_KMI_All_Share_list_June_2021_Final_27122021.pdf,official_psx_recomposition
FANM,Al-Noor Modaraba,2022-01-03,True,True,15,4,Compliant **,PSX/N-1504,2021-12-24,https://www.psx.com.pk/psx/themes/psx/uploads/sharia_KMI_All_Share_list_June_2021_Final_27122021.pdf,official_psx_recomposition
FATIMA,Fatima Fertilizer Co. Ltd*,2022-01-03,True,True,71,5,Compliant,PSX/N-1504,2021-12-24,https://www.psx.com.pk/psx/themes/psx/uploads/sharia_KMI_All_Share_list_June_2021_Final_27122021.pdf,official_psx_recomposition
FCCL,Fauji Cement Co. Ltd,2022-01-03,True,True,72,5,Compliant,PSX/N-1504,2021-12-24,https://www.psx.com.pk/psx/themes/psx/uploads/sharia_KMI_All_Share_list_June_2021_Final_27122021.pdf,official_psx_recomposition
FCEPL,Frieslandcampins Engro Foods Limited,2022-01-03,True,True,90,5,Compliant,PSX/N-1504,2021-12-24,https://www.psx.com.pk/psx/themes/psx/uploads/sharia_KMI_All_Share_list_June_2021_Final_27122021.pdf,official_psx_recomposition
FECM,First Elite Capital Modaraba,2022-01-03,True,True,77,5,Compliant **,PSX/N-1504,2021-12-24,https://www.psx.com.pk/psx/themes/psx/uploads/sharia_KMI_All_Share_list_June_2021_Final_27122021.pdf,official_psx_recomposition
FECTC,Fecto Cement Ltd,2022-01-03,True,True,74,5,Compliant,PSX/N-1504,2021-12-24,https://www.psx.com.pk/psx/themes/psx/uploads/sharia_KMI_All_Share_list_June_2021_Final_27122021.pdf,official_psx_recomposition
FEM,First Equity Modaraba,2022-01-03,True,True,78,5,Compliant **,PSX/N-1504,2021-12-24,https://www.psx.com.pk/psx/themes/psx/uploads/sharia_KMI_All_Share_list_June_2021_Final_27122021.pdf,official_psx_recomposition
FEROZ,Ferozsons Laboratories Ltd,2022-01-03,True,True,76,5,Compliant,PSX/N-1504,2021-12-24,https://www.psx.com.pk/psx/themes/psx/uploads/sharia_KMI_All_Share_list_June_2021_Final_27122021.pdf,official_psx_recomposition
FFLM,First Fidelity Leasing Modaraba,2022-01-03,True,True,79,5,Compliant **,PSX/N-1504,2021-12-24,https://www.psx.com.pk/psx/themes/psx/uploads/sharia_KMI_All_Share_list_June_2021_Final_27122021.pdf,official_psx_recomposition
FHAM,First Habib Modaraba,2022-01-03,True,True,80,5,Compliant **,PSX/N-1504,2021-12-24,https://www.psx.com.pk/psx/themes/psx/uploads/sharia_KMI_All_Share_list_June_2021_Final_27122021.pdf,official_psx_recomposition
FIMM,First Imrooz Modaraba,2022-01-03,True,True,81,5,Compliant **,PSX/N-1504,2021-12-24,https://www.psx.com.pk/psx/themes/psx/uploads/sharia_KMI_All_Share_list_June_2021_Final_27122021.pdf,official_psx_recomposition
FLYNG,Flying Cement Co. Ltd,2022-01-03,True,True,89,5,Compliant,PSX/N-1504,2021-12-24,https://www.psx.com.pk/psx/themes/psx/uploads/sharia_KMI_All_Share_list_June_2021_Final_27122021.pdf,official_psx_recomposition
FML,Feroze1888 Mills Ltd ^^^,2022-01-03,True,True,75,5,Compliant,PSX/N-1504,2021-12-24,https://www.psx.com.pk/psx/themes/psx/uploads/sharia_KMI_All_Share_list_June_2021_Final_27122021.pdf,official_psx_recomposition
FPJM,First Punjab Modaraba,2022-01-03,True,True,85,5,Compliant **,PSX/N-1504,2021-12-24,https://www.psx.com.pk/psx/themes/psx/uploads/sharia_KMI_All_Share_list_June_2021_Final_27122021.pdf,official_psx_recomposition
FPRM,First Paramount Modaraba,2022-01-03,True,True,83,5,Compliant **,PSX/N-1504,2021-12-24,https://www.psx.com.pk/psx/themes/psx/uploads/sharia_KMI_All_Share_list_June_2021_Final_27122021.pdf,official_psx_recomposition
FRCL,Frontier Ceramics Ltd,2022-01-03,True,True,91,5,Compliant,PSX/N-1504,2021-12-24,https://www.psx.com.pk/psx/themes/psx/uploads/sharia_KMI_All_Share_list_June_2021_Final_27122021.pdf,official_psx_recomposition
FRSM,Faran Sugar Mills Ltd*,2022-01-03,True,True,70,5,Compliant1,PSX/N-1504,2021-12-24,https://www.psx.com.pk/psx/themes/psx/uploads/sharia_KMI_All_Share_list_June_2021_Final_27122021.pdf,official_psx_recomposition
FTMM,First Treet Manufacturing Modaraba,2022-01-03,True,True,86,5,Compliant **,PSX/N-1504,2021-12-24,https://www.psx.com.pk/psx/themes/psx/uploads/sharia_KMI_All_Share_list_June_2021_Final_27122021.pdf,official_psx_recomposition
FTSM,First Tri-Star Modaraba,2022-01-03,True,True,87,5,Compliant **,PSX/N-1504,2021-12-24,https://www.psx.com.pk/psx/themes/psx/uploads/sharia_KMI_All_Share_list_June_2021_Final_27122021.pdf,official_psx_recomposition
FUDLM,First UDL Modaraba,2022-01-03,True,True,88,5,Compliant **,PSX/N-1504,2021-12-24,https://www.psx.com.pk/psx/themes/psx/uploads/sharia_KMI_All_Share_list_June_2021_Final_27122021.pdf,official_psx_recomposition
FZCM,Fazal Cloth Mills Ltd,2022-01-03,True,True,73,5,Compliant,PSX/N-1504,2021-12-24,https://www.psx.com.pk/psx/themes/psx/uploads/sharia_KMI_All_Share_list_June_2021_Final_27122021.pdf,official_psx_recomposition
GADT,Gadoon Textile Mills Ltd,2022-01-03,True,True,92,5,Compliant,PSX/N-1504,2021-12-24,https://www.psx.com.pk/psx/themes/psx/uploads/sharia_KMI_All_Share_list_June_2021_Final_27122021.pdf,official_psx_recomposition
GAIL,Ghani Automobile Industries Ltd,2022-01-03,True,True,97,5,Compliant3,PSX/N-1504,2021-12-24,https://www.psx.com.pk/psx/themes/psx/uploads/sharia_KMI_All_Share_list_June_2021_Final_27122021.pdf,official_psx_recomposition
GAMON,Gammon Pakistan Ltd,2022-01-03,True,True,93,5,Compliant,PSX/N-1504,2021-12-24,https://www.psx.com.pk/psx/themes/psx/uploads/sharia_KMI_All_Share_list_June_2021_Final_27122021.pdf,official_psx_recomposition
GATI,Gatron (Industries) Ltd,2022-01-03,True,True,94,5,Compliant,PSX/N-1504,2021-12-24,https://www.psx.com.pk/psx/themes/psx/uploads/sharia_KMI_All_Share_list_June_2021_Final_27122021.pdf,official_psx_recomposition
GFIL,Ghazi Fabrics International Ltd,2022-01-03,True,True,103,5,Compliant,PSX/N-1504,2021-12-24,https://www.psx.com.pk/psx/themes/psx/uploads/sharia_KMI_All_Share_list_June_2021_Final_27122021.pdf,official_psx_recomposition
GGGL,Ghani Global Glass Ltd,2022-01-03,True,True,99,5,Compliant,PSX/N-1504,2021-12-24,https://www.psx.com.pk/psx/themes/psx/uploads/sharia_KMI_All_Share_list_June_2021_Final_27122021.pdf,official_psx_recomposition
GGL,Ghani Global Holdings Limited,2022-01-03,True,True,100,5,Compliant,PSX/N-1504,2021-12-24,https://www.psx.com.pk/psx/themes/psx/uploads/sharia_KMI_All_Share_list_June_2021_Final_27122021.pdf,official_psx_recomposition
GHGL,Ghani Glass Ltd,2022-01-03,True,True,98,5,Compliant,PSX/N-1504,2021-12-24,https://www.psx.com.pk/psx/themes/psx/uploads/sharia_KMI_All_Share_list_June_2021_Final_27122021.pdf,official_psx_recomposition
GHNI,Ghandhara Industries Ltd,2022-01-03,True,True,95,5,Compliant,PSX/N-1504,2021-12-24,https://www.psx.com.pk/psx/themes/psx/uploads/sharia_KMI_All_Share_list_June_2021_Final_27122021.pdf,official_psx_recomposition
GHNL,Ghandhara Nissan Ltd,2022-01-03,True,True,96,5,Compliant,PSX/N-1504,2021-12-24,https://www.psx.com.pk/psx/themes/psx/uploads/sharia_KMI_All_Share_list_June_2021_Final_27122021.pdf,official_psx_recomposition
GIL,Goodluck Industries Ltd,2022-01-03,True,True,108,5,Compliant,PSX/N-1504,2021-12-24,https://www.psx.com.pk/psx/themes/psx/uploads/sharia_KMI_All_Share_list_June_2021_Final_27122021.pdf,official_psx_recomposition
GLAXO,GlaxoSmithKline Pakistan*,2022-01-03,True,True,106,5,Compliant,PSX/N-1504,2021-12-24,https://www.psx.com.pk/psx/themes/psx/uploads/sharia_KMI_All_Share_list_June_2021_Final_27122021.pdf,official_psx_recomposition
GLPL,Gillette Pakistan Ltd,2022-01-03,True,True,104,5,Compliant,PSX/N-1504,2021-12-24,https://www.psx.com.pk/psx/themes/psx/uploads/sharia_KMI_All_Share_list_June_2021_Final_27122021.pdf,official_psx_recomposition
GOC,GOC (Pakistan) Limited,2022-01-03,True,True,107,5,Compliant,PSX/N-1504,2021-12-24,https://www.psx.com.pk/psx/themes/psx/uploads/sharia_KMI_All_Share_list_June_2021_Final_27122021.pdf,official_psx_recomposition
GSKCH,Glaxo SmithKline Consumer Healthcare*,2022-01-03,True,True,105,5,Compliant,PSX/N-1504,2021-12-24,https://www.psx.com.pk/psx/themes/psx/uploads/sharia_KMI_All_Share_list_June_2021_Final_27122021.pdf,official_psx_recomposition
GVGL,Ghani Value Glass Ltd,2022-01-03,True,True,101,5,Compliant,PSX/N-1504,2021-12-24,https://www.psx.com.pk/psx/themes/psx/uploads/sharia_KMI_All_Share_list_June_2021_Final_27122021.pdf,official_psx_recomposition
GWLC,Gharibwal Cement Ltd,2022-01-03,True,True,102,5,Compliant,PSX/N-1504,2021-12-24,https://www.psx.com.pk/psx/themes/psx/uploads/sharia_KMI_All_Share_list_June_2021_Final_27122021.pdf,official_psx_recomposition
HABSM,Habib Sugar Mills Ltd*,2022-01-03,True,True,111,5,Compliant1,PSX/N-1504,2021-12-24,https://www.psx.com.pk/psx/themes/psx/uploads/sharia_KMI_All_Share_list_June_2021_Final_27122021.pdf,official_psx_recomposition
HAFL,Hafiz Limited,2022-01-03,True,True,112,5,Compliant,PSX/N-1504,2021-12-24,https://www.psx.com.pk/psx/themes/psx/uploads/sharia_KMI_All_Share_list_June_2021_Final_27122021.pdf,official_psx_recomposition
HCAR,Honda Atlas Cars (Pakistan) Ltd,2022-01-03,True,True,116,5,Compliant,PSX/N-1504,2021-12-24,https://www.psx.com.pk/psx/themes/psx/uploads/sharia_KMI_All_Share_list_June_2021_Final_27122021.pdf,official_psx_recomposition
HINO,Hinopak Motors Ltd,2022-01-03,True,True,114,5,Compliant1,PSX/N-1504,2021-12-24,https://www.psx.com.pk/psx/themes/psx/uploads/sharia_KMI_All_Share_list_June_2021_Final_27122021.pdf,official_psx_recomposition
HINOON,Highnoon Laboratories Ltd*,2022-01-03,True,True,113,5,Compliant,PSX/N-1504,2021-12-24,https://www.psx.com.pk/psx/themes/psx/uploads/sharia_KMI_All_Share_list_June_2021_Final_27122021.pdf,official_psx_recomposition
HMM,Habib Metro Modaraba,2022-01-03,True,True,109,5,Compliant **,PSX/N-1504,2021-12-24,https://www.psx.com.pk/psx/themes/psx/uploads/sharia_KMI_All_Share_list_June_2021_Final_27122021.pdf,official_psx_recomposition
HRPL,Habib Rice Products Ltd,2022-01-03,True,True,110,5,Compliant,PSX/N-1504,2021-12-24,https://www.psx.com.pk/psx/themes/psx/uploads/sharia_KMI_All_Share_list_June_2021_Final_27122021.pdf,official_psx_recomposition
HSM,Husein Sugar Mills Ltd*,2022-01-03,True,True,118,5,Compliant1,PSX/N-1504,2021-12-24,https://www.psx.com.pk/psx/themes/psx/uploads/sharia_KMI_All_Share_list_June_2021_Final_27122021.pdf,official_psx_recomposition
HTL,Hi-Tech Lubricants Ltd,2022-01-03,True,True,115,5,Compliant,PSX/N-1504,2021-12-24,https://www.psx.com.pk/psx/themes/psx/uploads/sharia_KMI_All_Share_list_June_2021_Final_27122021.pdf,official_psx_recomposition
HUBC,Hub Power Company Ltd ##,2022-01-03,True,True,117,5,Compliant,PSX/N-1504,2021-12-24,https://www.psx.com.pk/psx/themes/psx/uploads/sharia_KMI_All_Share_list_June_2021_Final_27122021.pdf,official_psx_recomposition
IBFL,Ibrahim Fibres Ltd,2022-01-03,True,True,120,5,Compliant,PSX/N-1504,2021-12-24,https://www.psx.com.pk/psx/themes/psx/uploads/sharia_KMI_All_Share_list_June_2021_Final_27122021.pdf,official_psx_recomposition
IBLHL,IBL HealthCare Ltd,2022-01-03,True,True,119,5,Compliant,PSX/N-1504,2021-12-24,https://www.psx.com.pk/psx/themes/psx/uploads/sharia_KMI_All_Share_list_June_2021_Final_27122021.pdf,official_psx_recomposition
ICI,ICI Pakistan Ltd,2022-01-03,True,True,121,5,Compliant,PSX/N-1504,2021-12-24,https://www.psx.com.pk/psx/themes/psx/uploads/sharia_KMI_All_Share_list_June_2021_Final_27122021.pdf,official_psx_recomposition
ICL,Ittehad Chemicals Ltd,2022-01-03,True,True,130,5,Compliant,PSX/N-1504,2021-12-24,https://www.psx.com.pk/psx/themes/psx/uploads/sharia_KMI_All_Share_list_June_2021_Final_27122021.pdf,official_psx_recomposition
IDRT,Idrees Textile Mills Ltd,2022-01-03,True,True,123,5,Compliant,PSX/N-1504,2021-12-24,https://www.psx.com.pk/psx/themes/psx/uploads/sharia_KMI_All_Share_list_June_2021_Final_27122021.pdf,official_psx_recomposition
IDSM,Ideal Spinning Mills Ltd,2022-01-03,True,True,122,5,Compliant3,PSX/N-1504,2021-12-24,https://www.psx.com.pk/psx/themes/psx/uploads/sharia_KMI_All_Share_list_June_2021_Final_27122021.pdf,official_psx_recomposition
ILP,Interloop Limited ^^^,2022-01-03,True,True,125,5,Compliant,PSX/N-1504,2021-12-24,https://www.psx.com.pk/psx/themes/psx/uploads/sharia_KMI_All_Share_list_June_2021_Final_27122021.pdf,official_psx_recomposition
IMAGE,Image Pakistan Limited,2022-01-03,True,True,124,5,Compliant,PSX/N-1504,2021-12-24,https://www.psx.com.pk/psx/themes/psx/uploads/sharia_KMI_All_Share_list_June_2021_Final_27122021.pdf,official_psx_recomposition
INIL,International Industries Ltd,2022-01-03,True,True,126,5,Compliant,PSX/N-1504,2021-12-24,https://www.psx.com.pk/psx/themes/psx/uploads/sharia_KMI_All_Share_list_June_2021_Final_27122021.pdf,official_psx_recomposition
INKL,International Knitwear Ltd,2022-01-03,True,True,127,5,Compliant,PSX/N-1504,2021-12-24,https://www.psx.com.pk/psx/themes/psx/uploads/sharia_KMI_All_Share_list_June_2021_Final_27122021.pdf,official_psx_recomposition
ISL,International Steels Ltd,2022-01-03,True,True,128,5,Compliant,PSX/N-1504,2021-12-24,https://www.psx.com.pk/psx/themes/psx/uploads/sharia_KMI_All_Share_list_June_2021_Final_27122021.pdf,official_psx_recomposition
ITTEFAQ,Ittefaq Iron Industries,2022-01-03,True,True,129,5,Compliant,PSX/N-1504,2021-12-24,https://www.psx.com.pk/psx/themes/psx/uploads/sharia_KMI_All_Share_list_June_2021_Final_27122021.pdf,official_psx_recomposition
JATM,J. A. Textile Mills Ltd,2022-01-03,True,True,131,5,Compliant,PSX/N-1504,2021-12-24,https://www.psx.com.pk/psx/themes/psx/uploads/sharia_KMI_All_Share_list_June_2021_Final_27122021.pdf,official_psx_recomposition
JDMT,Janana De Malucho Textile,2022-01-03,True,True,133,5,Compliant,PSX/N-1504,2021-12-24,https://www.psx.com.pk/psx/themes/psx/uploads/sharia_KMI_All_Share_list_June_2021_Final_27122021.pdf,official_psx_recomposition
JKSM,J.K. Spinning Mills Ltd,2022-01-03,True,True,132,5,Compliant,PSX/N-1504,2021-12-24,https://www.psx.com.pk/psx/themes/psx/uploads/sharia_KMI_All_Share_list_June_2021_Final_27122021.pdf,official_psx_recomposition
JSML,Jauharabad Sugar Mills Ltd*,2022-01-03,True,True,134,5,Compliant1,PSX/N-1504,2021-12-24,https://www.psx.com.pk/psx/themes/psx/uploads/sharia_KMI_All_Share_list_June_2021_Final_27122021.pdf,official_psx_recomposition
JVDC,Javedan Corporation Ltd,2022-01-03,True,True,135,5,Compliant,PSX/N-1504,2021-12-24,https://www.psx.com.pk/psx/themes/psx/uploads/sharia_KMI_All_Share_list_June_2021_Final_27122021.pdf,official_psx_recomposition
KASBM,KASB Modaraba,2022-01-03,True,True,138,5,Compliant **,PSX/N-1504,2021-12-24,https://www.psx.com.pk/psx/themes/psx/uploads/sharia_KMI_All_Share_list_June_2021_Final_27122021.pdf,official_psx_recomposition
KEL,K-Electric Ltd,2022-01-03,True,True,139,5,Compliant,PSX/N-1504,2021-12-24,https://www.psx.com.pk/psx/themes/psx/uploads/sharia_KMI_All_Share_list_June_2021_Final_27122021.pdf,official_psx_recomposition
KHSM,Khurshid Spinning,2022-01-03,True,True,140,5,Compliant,PSX/N-1504,2021-12-24,https://www.psx.com.pk/psx/themes/psx/uploads/sharia_KMI_All_Share_list_June_2021_Final_27122021.pdf,official_psx_recomposition
KHYT,Khyber Textile Mills Ltd,2022-01-03,True,True,141,5,Compliant,PSX/N-1504,2021-12-24,https://www.psx.com.pk/psx/themes/psx/uploads/sharia_KMI_All_Share_list_June_2021_Final_27122021.pdf,official_psx_recomposition
KOHC,Kohat Cement Co. Ltd,2022-01-03,True,True,142,5,Compliant,PSX/N-1504,2021-12-24,https://www.psx.com.pk/psx/themes/psx/uploads/sharia_KMI_All_Share_list_June_2021_Final_27122021.pdf,official_psx_recomposition
KOHE,Kohinoor Energy Ltd,2022-01-03,True,True,144,5,Compliant,PSX/N-1504,2021-12-24,https://www.psx.com.pk/psx/themes/psx/uploads/sharia_KMI_All_Share_list_June_2021_Final_27122021.pdf,official_psx_recomposition
KOHTM,Kohat Textile Mills Limited,2022-01-03,True,True,143,5,Compliant,PSX/N-1504,2021-12-24,https://www.psx.com.pk/psx/themes/psx/uploads/sharia_KMI_All_Share_list_June_2021_Final_27122021.pdf,official_psx_recomposition
KOIL,Kohinoor Industries Ltd,2022-01-03,True,True,145,5,Compliant,PSX/N-1504,2021-12-24,https://www.psx.com.pk/psx/themes/psx/uploads/sharia_KMI_All_Share_list_June_2021_Final_27122021.pdf,official_psx_recomposition
KSBP,K.S.B.Pumps Company Ltd,2022-01-03,True,True,137,5,Compliant,PSX/N-1504,2021-12-24,https://www.psx.com.pk/psx/themes/psx/uploads/sharia_KMI_All_Share_list_June_2021_Final_27122021.pdf,official_psx_recomposition
KTML,Kohinoor Textile Mills Ltd,2022-01-03,True,True,146,6,Compliant,PSX/N-1504,2021-12-24,https://www.psx.com.pk/psx/themes/psx/uploads/sharia_KMI_All_Share_list_June_2021_Final_27122021.pdf,official_psx_recomposition
LEUL,Leather-Up Limited,2022-01-03,True,True,148,6,Compliant,PSX/N-1504,2021-12-24,https://www.psx.com.pk/psx/themes/psx/uploads/sharia_KMI_All_Share_list_June_2021_Final_27122021.pdf,official_psx_recomposition
LPGL,Leiner Pak Gelatine Ltd,2022-01-03,True,True,149,6,Compliant,PSX/N-1504,2021-12-24,https://www.psx.com.pk/psx/themes/psx/uploads/sharia_KMI_All_Share_list_June_2021_Final_27122021.pdf,official_psx_recomposition
LUCK,Lucky Cement Ltd,2022-01-03,True,True,150,6,Compliant,PSX/N-1504,2021-12-24,https://www.psx.com.pk/psx/themes/psx/uploads/sharia_KMI_All_Share_list_June_2021_Final_27122021.pdf,official_psx_recomposition
MACFL,MACPAC Films Ltd,2022-01-03,True,True,151,6,Compliant,PSX/N-1504,2021-12-24,https://www.psx.com.pk/psx/themes/psx/uploads/sharia_KMI_All_Share_list_June_2021_Final_27122021.pdf,official_psx_recomposition
MACTER,Macter International Ltd,2022-01-03,True,True,152,6,Compliant,PSX/N-1504,2021-12-24,https://www.psx.com.pk/psx/themes/psx/uploads/sharia_KMI_All_Share_list_June_2021_Final_27122021.pdf,official_psx_recomposition
MARI,Mari Petroleum Co. Ltd,2022-01-03,True,True,155,6,Compliant,PSX/N-1504,2021-12-24,https://www.psx.com.pk/psx/themes/psx/uploads/sharia_KMI_All_Share_list_June_2021_Final_27122021.pdf,official_psx_recomposition
MEBL,Meezan Bank Ltd*,2022-01-03,True,True,156,6,Compliant **,PSX/N-1504,2021-12-24,https://www.psx.com.pk/psx/themes/psx/uploads/sharia_KMI_All_Share_list_June_2021_Final_27122021.pdf,official_psx_recomposition
MFFL,Mitchell's Fruit Farms Ltd*,2022-01-03,True,True,160,6,Compliant1,PSX/N-1504,2021-12-24,https://www.psx.com.pk/psx/themes/psx/uploads/sharia_KMI_All_Share_list_June_2021_Final_27122021.pdf,official_psx_recomposition
MLCF,Maple Leaf Cement Factory,2022-01-03,True,True,153,6,Compliant,PSX/N-1504,2021-12-24,https://www.psx.com.pk/psx/themes/psx/uploads/sharia_KMI_All_Share_list_June_2021_Final_27122021.pdf,official_psx_recomposition
MODAM,Modaraba al Mali,2022-01-03,True,True,161,6,Compliant **,PSX/N-1504,2021-12-24,https://www.psx.com.pk/psx/themes/psx/uploads/sharia_KMI_All_Share_list_June_2021_Final_27122021.pdf,official_psx_recomposition
MQTM,Maqbool Textile Mills Ltd,2022-01-03,True,True,154,6,Compliant,PSX/N-1504,2021-12-24,https://www.psx.com.pk/psx/themes/psx/uploads/sharia_KMI_All_Share_list_June_2021_Final_27122021.pdf,official_psx_recomposition
MSCL,Metropolitan Steel Corporation,2022-01-03,True,True,157,6,Compliant,PSX/N-1504,2021-12-24,https://www.psx.com.pk/psx/themes/psx/uploads/sharia_KMI_All_Share_list_June_2021_Final_27122021.pdf,official_psx_recomposition
MTIL,Mian Textile Industries Ltd,2022-01-03,True,True,158,6,Compliant,PSX/N-1504,2021-12-24,https://www.psx.com.pk/psx/themes/psx/uploads/sharia_KMI_All_Share_list_June_2021_Final_27122021.pdf,official_psx_recomposition
MTL,Millat Tractors Ltd,2022-01-03,True,True,159,6,Compliant,PSX/N-1504,2021-12-24,https://www.psx.com.pk/psx/themes/psx/uploads/sharia_KMI_All_Share_list_June_2021_Final_27122021.pdf,official_psx_recomposition
MUGHAL,Mughal Iron & Steel Industries,2022-01-03,True,True,162,6,Compliant,PSX/N-1504,2021-12-24,https://www.psx.com.pk/psx/themes/psx/uploads/sharia_KMI_All_Share_list_June_2021_Final_27122021.pdf,official_psx_recomposition
NATF,National Foods Ltd,2022-01-03,True,True,164,6,Compliant,PSX/N-1504,2021-12-24,https://www.psx.com.pk/psx/themes/psx/uploads/sharia_KMI_All_Share_list_June_2021_Final_27122021.pdf,official_psx_recomposition
NATM,Nadeem Textile Mills Ltd,2022-01-03,True,True,163,6,Compliant,PSX/N-1504,2021-12-24,https://www.psx.com.pk/psx/themes/psx/uploads/sharia_KMI_All_Share_list_June_2021_Final_27122021.pdf,official_psx_recomposition
NETSOL,NetSol Technologies Ltd #,2022-01-03,True,True,168,6,Compliant,PSX/N-1504,2021-12-24,https://www.psx.com.pk/psx/themes/psx/uploads/sharia_KMI_All_Share_list_June_2021_Final_27122021.pdf,official_psx_recomposition
NML,Nishat Mills Ltd,2022-01-03,True,True,170,6,Compliant,PSX/N-1504,2021-12-24,https://www.psx.com.pk/psx/themes/psx/uploads/sharia_KMI_All_Share_list_June_2021_Final_27122021.pdf,official_psx_recomposition
NRL,National Refinery Ltd,2022-01-03,True,True,165,6,Compliant,PSX/N-1504,2021-12-24,https://www.psx.com.pk/psx/themes/psx/uploads/sharia_KMI_All_Share_list_June_2021_Final_27122021.pdf,official_psx_recomposition
NRSL,Nimir Resins Ltd,2022-01-03,True,True,169,6,Compliant,PSX/N-1504,2021-12-24,https://www.psx.com.pk/psx/themes/psx/uploads/sharia_KMI_All_Share_list_June_2021_Final_27122021.pdf,official_psx_recomposition
NSRM,National Silk & Rayon Mills,2022-01-03,True,True,166,6,Compliant,PSX/N-1504,2021-12-24,https://www.psx.com.pk/psx/themes/psx/uploads/sharia_KMI_All_Share_list_June_2021_Final_27122021.pdf,official_psx_recomposition
OGDC,Oil & Gas Development Co. Ltd **** ^,2022-01-03,True,True,171,6,Compliant,PSX/N-1504,2021-12-24,https://www.psx.com.pk/psx/themes/psx/uploads/sharia_KMI_All_Share_list_June_2021_Final_27122021.pdf,official_psx_recomposition
ORIXM,Orix Modaraba,2022-01-03,True,True,173,6,Compliant **,PSX/N-1504,2021-12-24,https://www.psx.com.pk/psx/themes/psx/uploads/sharia_KMI_All_Share_list_June_2021_Final_27122021.pdf,official_psx_recomposition
ORM,Orient Rental Modaraba,2022-01-03,True,True,172,6,Compliant **,PSX/N-1504,2021-12-24,https://www.psx.com.pk/psx/themes/psx/uploads/sharia_KMI_All_Share_list_June_2021_Final_27122021.pdf,official_psx_recomposition
OTSU,Otsuka Pakistan Ltd,2022-01-03,True,True,174,6,Compliant,PSX/N-1504,2021-12-24,https://www.psx.com.pk/psx/themes/psx/uploads/sharia_KMI_All_Share_list_June_2021_Final_27122021.pdf,official_psx_recomposition
PAEL,Pak Elektron Ltd,2022-01-03,True,True,176,6,Compliant,PSX/N-1504,2021-12-24,https://www.psx.com.pk/psx/themes/psx/uploads/sharia_KMI_All_Share_list_June_2021_Final_27122021.pdf,official_psx_recomposition
PAKMI,First Pak Modaraba,2022-01-03,True,True,82,5,Compliant **,PSX/N-1504,2021-12-24,https://www.psx.com.pk/psx/themes/psx/uploads/sharia_KMI_All_Share_list_June_2021_Final_27122021.pdf,official_psx_recomposition
PAKOXY,Pakistan Oxygen Limited,2022-01-03,True,True,184,6,Compliant,PSX/N-1504,2021-12-24,https://www.psx.com.pk/psx/themes/psx/uploads/sharia_KMI_All_Share_list_June_2021_Final_27122021.pdf,official_psx_recomposition
PCAL,Pakistan Cables Ltd,2022-01-03,True,True,178,6,Compliant,PSX/N-1504,2021-12-24,https://www.psx.com.pk/psx/themes/psx/uploads/sharia_KMI_All_Share_list_June_2021_Final_27122021.pdf,official_psx_recomposition
PHDL,Pakistan Hotels Developers Ltd,2022-01-03,True,True,179,6,Compliant,PSX/N-1504,2021-12-24,https://www.psx.com.pk/psx/themes/psx/uploads/sharia_KMI_All_Share_list_June_2021_Final_27122021.pdf,official_psx_recomposition
PIBTL,Pakistan International Bulk Terminal Ltd,2022-01-03,True,True,180,6,Compliant,PSX/N-1504,2021-12-24,https://www.psx.com.pk/psx/themes/psx/uploads/sharia_KMI_All_Share_list_June_2021_Final_27122021.pdf,official_psx_recomposition
PICT,Pakistan International Container Terminal,2022-01-03,True,True,181,6,Compliant,PSX/N-1504,2021-12-24,https://www.psx.com.pk/psx/themes/psx/uploads/sharia_KMI_All_Share_list_June_2021_Final_27122021.pdf,official_psx_recomposition
PIM,Popular Islamic Modaraba,2022-01-03,True,True,192,6,Compliant **,PSX/N-1504,2021-12-24,https://www.psx.com.pk/psx/themes/psx/uploads/sharia_KMI_All_Share_list_June_2021_Final_27122021.pdf,official_psx_recomposition
PIOC,Pioneer Cement Ltd ^^,2022-01-03,True,True,191,6,Compliant,PSX/N-1504,2021-12-24,https://www.psx.com.pk/psx/themes/psx/uploads/sharia_KMI_All_Share_list_June_2021_Final_27122021.pdf,official_psx_recomposition
PKGS,Packages Limited*,2022-01-03,True,True,175,6,Compliant,PSX/N-1504,2021-12-24,https://www.psx.com.pk/psx/themes/psx/uploads/sharia_KMI_All_Share_list_June_2021_Final_27122021.pdf,official_psx_recomposition
PMI,First Prudential Modaraba,2022-01-03,True,True,84,5,Compliant **,PSX/N-1504,2021-12-24,https://www.psx.com.pk/psx/themes/psx/uploads/sharia_KMI_All_Share_list_June_2021_Final_27122021.pdf,official_psx_recomposition
PNSC,Pakistan National Shipping Corporation,2022-01-03,True,True,182,6,Compliant,PSX/N-1504,2021-12-24,https://www.psx.com.pk/psx/themes/psx/uploads/sharia_KMI_All_Share_list_June_2021_Final_27122021.pdf,official_psx_recomposition
POL,Pakistan Oilfields Ltd,2022-01-03,True,True,183,6,Compliant,PSX/N-1504,2021-12-24,https://www.psx.com.pk/psx/themes/psx/uploads/sharia_KMI_All_Share_list_June_2021_Final_27122021.pdf,official_psx_recomposition
POML,Punjab Oil Mills Ltd,2022-01-03,True,True,194,6,Compliant,PSX/N-1504,2021-12-24,https://www.psx.com.pk/psx/themes/psx/uploads/sharia_KMI_All_Share_list_June_2021_Final_27122021.pdf,official_psx_recomposition
POWER,Power Cement Ltd,2022-01-03,True,True,193,6,Compliant,PSX/N-1504,2021-12-24,https://www.psx.com.pk/psx/themes/psx/uploads/sharia_KMI_All_Share_list_June_2021_Final_27122021.pdf,official_psx_recomposition
PPL,Pakistan Petroleum Limited ^,2022-01-03,True,True,186,6,Compliant,PSX/N-1504,2021-12-24,https://www.psx.com.pk/psx/themes/psx/uploads/sharia_KMI_All_Share_list_June_2021_Final_27122021.pdf,official_psx_recomposition
PPP,Pakistan paper products Ltd,2022-01-03,True,True,185,6,Compliant,PSX/N-1504,2021-12-24,https://www.psx.com.pk/psx/themes/psx/uploads/sharia_KMI_All_Share_list_June_2021_Final_27122021.pdf,official_psx_recomposition
PREMA,At-Tahur Limited,2022-01-03,True,True,22,4,Compliant,PSX/N-1504,2021-12-24,https://www.psx.com.pk/psx/themes/psx/uploads/sharia_KMI_All_Share_list_June_2021_Final_27122021.pdf,official_psx_recomposition
PSEL,Pakistan Services Ltd,2022-01-03,True,True,187,6,Compliant,PSX/N-1504,2021-12-24,https://www.psx.com.pk/psx/themes/psx/uploads/sharia_KMI_All_Share_list_June_2021_Final_27122021.pdf,official_psx_recomposition
PSMC,Pak Suzuki Motor Co. Ltd*,2022-01-03,True,True,177,6,Compliant,PSX/N-1504,2021-12-24,https://www.psx.com.pk/psx/themes/psx/uploads/sharia_KMI_All_Share_list_June_2021_Final_27122021.pdf,official_psx_recomposition
PSO,Pakistan State Oil Co. Ltd,2022-01-03,True,True,188,6,Compliant,PSX/N-1504,2021-12-24,https://www.psx.com.pk/psx/themes/psx/uploads/sharia_KMI_All_Share_list_June_2021_Final_27122021.pdf,official_psx_recomposition
PSYL,Pakistan Synthetics Ltd,2022-01-03,True,True,189,6,Compliant,PSX/N-1504,2021-12-24,https://www.psx.com.pk/psx/themes/psx/uploads/sharia_KMI_All_Share_list_June_2021_Final_27122021.pdf,official_psx_recomposition
PTC,Pakistan Telecommunication (PTCL),2022-01-03,True,True,190,6,Compliant,PSX/N-1504,2021-12-24,https://www.psx.com.pk/psx/themes/psx/uploads/sharia_KMI_All_Share_list_June_2021_Final_27122021.pdf,official_psx_recomposition
QUICE,Quice Food Industries Ltd,2022-01-03,True,True,195,6,Compliant,PSX/N-1504,2021-12-24,https://www.psx.com.pk/psx/themes/psx/uploads/sharia_KMI_All_Share_list_June_2021_Final_27122021.pdf,official_psx_recomposition
RCML,Reliance Cotton Spinning,2022-01-03,True,True,198,6,Compliant,PSX/N-1504,2021-12-24,https://www.psx.com.pk/psx/themes/psx/uploads/sharia_KMI_All_Share_list_June_2021_Final_27122021.pdf,official_psx_recomposition
REDCO,Redco Textiles Ltd,2022-01-03,True,True,197,6,Compliant,PSX/N-1504,2021-12-24,https://www.psx.com.pk/psx/themes/psx/uploads/sharia_KMI_All_Share_list_June_2021_Final_27122021.pdf,official_psx_recomposition
RMPL,Rafhan Maize Products,2022-01-03,True,True,196,6,Compliant,PSX/N-1504,2021-12-24,https://www.psx.com.pk/psx/themes/psx/uploads/sharia_KMI_All_Share_list_June_2021_Final_27122021.pdf,official_psx_recomposition
RPL,Roshan Packages Ltd,2022-01-03,True,True,199,6,Compliant,PSX/N-1504,2021-12-24,https://www.psx.com.pk/psx/themes/psx/uploads/sharia_KMI_All_Share_list_June_2021_Final_27122021.pdf,official_psx_recomposition
RUPL,Rupali Polyester Ltd,2022-01-03,True,True,201,6,Compliant,PSX/N-1504,2021-12-24,https://www.psx.com.pk/psx/themes/psx/uploads/sharia_KMI_All_Share_list_June_2021_Final_27122021.pdf,official_psx_recomposition
SANSM,Sanghar Sugar Mills Ltd*,2022-01-03,True,True,205,6,Compliant,PSX/N-1504,2021-12-24,https://www.psx.com.pk/psx/themes/psx/uploads/sharia_KMI_All_Share_list_June_2021_Final_27122021.pdf,official_psx_recomposition
SAPL,Sanofi-aventis Pakistan Ltd*,2022-01-03,True,True,206,6,Compliant,PSX/N-1504,2021-12-24,https://www.psx.com.pk/psx/themes/psx/uploads/sharia_KMI_All_Share_list_June_2021_Final_27122021.pdf,official_psx_recomposition
SARC,Sardar Chemical Industries,2022-01-03,True,True,208,6,Compliant,PSX/N-1504,2021-12-24,https://www.psx.com.pk/psx/themes/psx/uploads/sharia_KMI_All_Share_list_June_2021_Final_27122021.pdf,official_psx_recomposition
SASML,Sindh Abadgar's Sugar Mills Ltd*,2022-01-03,True,True,225,7,Compliant,PSX/N-1504,2021-12-24,https://www.psx.com.pk/psx/themes/psx/uploads/sharia_KMI_All_Share_list_June_2021_Final_27122021.pdf,official_psx_recomposition
SAZEW,Sazgar Engineering Works,2022-01-03,True,True,210,6,Compliant,PSX/N-1504,2021-12-24,https://www.psx.com.pk/psx/themes/psx/uploads/sharia_KMI_All_Share_list_June_2021_Final_27122021.pdf,official_psx_recomposition
SCL,Shield Corporation Ltd,2022-01-03,True,True,222,6,Compliant,PSX/N-1504,2021-12-24,https://www.psx.com.pk/psx/themes/psx/uploads/sharia_KMI_All_Share_list_June_2021_Final_27122021.pdf,official_psx_recomposition
SEARL,The Searle Company Ltd,2022-01-03,True,True,240,7,Compliant,PSX/N-1504,2021-12-24,https://www.psx.com.pk/psx/themes/psx/uploads/sharia_KMI_All_Share_list_June_2021_Final_27122021.pdf,official_psx_recomposition
SERT,Service Textiles industries Ltd,2022-01-03,True,True,212,6,Compliant,PSX/N-1504,2021-12-24,https://www.psx.com.pk/psx/themes/psx/uploads/sharia_KMI_All_Share_list_June_2021_Final_27122021.pdf,official_psx_recomposition
SFL,Sapphire Fibres Ltd,2022-01-03,True,True,207,6,Compliant,PSX/N-1504,2021-12-24,https://www.psx.com.pk/psx/themes/psx/uploads/sharia_KMI_All_Share_list_June_2021_Final_27122021.pdf,official_psx_recomposition
SGABL,SG.Allied Businesses Ltd,2022-01-03,True,True,213,6,Compliant,PSX/N-1504,2021-12-24,https://www.psx.com.pk/psx/themes/psx/uploads/sharia_KMI_All_Share_list_June_2021_Final_27122021.pdf,official_psx_recomposition
SGF,Service Global Footwear Limited,2022-01-03,True,True,211,6,Compliant,PSX/N-1504,2021-12-24,https://www.psx.com.pk/psx/themes/psx/uploads/sharia_KMI_All_Share_list_June_2021_Final_27122021.pdf,official_psx_recomposition
SHDT,Shadab Textile Mills Ltd,2022-01-03,True,True,215,6,Compliant,PSX/N-1504,2021-12-24,https://www.psx.com.pk/psx/themes/psx/uploads/sharia_KMI_All_Share_list_June_2021_Final_27122021.pdf,official_psx_recomposition
SHEL,Shell (Pakistan) Ltd,2022-01-03,True,True,220,6,Compliant,PSX/N-1504,2021-12-24,https://www.psx.com.pk/psx/themes/psx/uploads/sharia_KMI_All_Share_list_June_2021_Final_27122021.pdf,official_psx_recomposition
SHEZ,Shezan International Ltd,2022-01-03,True,True,221,6,Compliant,PSX/N-1504,2021-12-24,https://www.psx.com.pk/psx/themes/psx/uploads/sharia_KMI_All_Share_list_June_2021_Final_27122021.pdf,official_psx_recomposition
SHFA,Shifa International Hospitals,2022-01-03,True,True,223,7,Compliant,PSX/N-1504,2021-12-24,https://www.psx.com.pk/psx/themes/psx/uploads/sharia_KMI_All_Share_list_June_2021_Final_27122021.pdf,official_psx_recomposition
SITC,Sitara Chemical Industries Ltd,2022-01-03,True,True,226,7,Compliant,PSX/N-1504,2021-12-24,https://www.psx.com.pk/psx/themes/psx/uploads/sharia_KMI_All_Share_list_June_2021_Final_27122021.pdf,official_psx_recomposition
SKRS,Sakrand Sugar Mills Ltd*,2022-01-03,True,True,203,6,Compliant1,PSX/N-1504,2021-12-24,https://www.psx.com.pk/psx/themes/psx/uploads/sharia_KMI_All_Share_list_June_2021_Final_27122021.pdf,official_psx_recomposition
SMCPL,Safe Mix Concrete Ltd,2022-01-03,True,True,202,6,Compliant,PSX/N-1504,2021-12-24,https://www.psx.com.pk/psx/themes/psx/uploads/sharia_KMI_All_Share_list_June_2021_Final_27122021.pdf,official_psx_recomposition
SML,Shakarganj Limited*,2022-01-03,True,True,218,6,Compliant1,PSX/N-1504,2021-12-24,https://www.psx.com.pk/psx/themes/psx/uploads/sharia_KMI_All_Share_list_June_2021_Final_27122021.pdf,official_psx_recomposition
SNAI,Sana Industries Ltd,2022-01-03,True,True,204,6,Compliant,PSX/N-1504,2021-12-24,https://www.psx.com.pk/psx/themes/psx/uploads/sharia_KMI_All_Share_list_June_2021_Final_27122021.pdf,official_psx_recomposition
SNGP,Sui Northern Gas Pipelines Ltd,2022-01-03,True,True,228,7,Compliant3,PSX/N-1504,2021-12-24,https://www.psx.com.pk/psx/themes/psx/uploads/sharia_KMI_All_Share_list_June_2021_Final_27122021.pdf,official_psx_recomposition
SPEL,Synthetic Products Ltd,2022-01-03,True,True,232,7,Compliant,PSX/N-1504,2021-12-24,https://www.psx.com.pk/psx/themes/psx/uploads/sharia_KMI_All_Share_list_June_2021_Final_27122021.pdf,official_psx_recomposition
SPL,Sitara Peroxide Ltd,2022-01-03,True,True,227,7,Compliant,PSX/N-1504,2021-12-24,https://www.psx.com.pk/psx/themes/psx/uploads/sharia_KMI_All_Share_list_June_2021_Final_27122021.pdf,official_psx_recomposition
SSGC,Sui Southern Gas Co. Ltd,2022-01-03,True,True,229,7,Compliant3,PSX/N-1504,2021-12-24,https://www.psx.com.pk/psx/themes/psx/uploads/sharia_KMI_All_Share_list_June_2021_Final_27122021.pdf,official_psx_recomposition
SSML,Saritow Spinning Mills Ltd,2022-01-03,True,True,209,6,Compliant,PSX/N-1504,2021-12-24,https://www.psx.com.pk/psx/themes/psx/uploads/sharia_KMI_All_Share_list_June_2021_Final_27122021.pdf,official_psx_recomposition
STCL,Shabbir Tiles & Ceramics Ltd,2022-01-03,True,True,214,6,Compliant,PSX/N-1504,2021-12-24,https://www.psx.com.pk/psx/themes/psx/uploads/sharia_KMI_All_Share_list_June_2021_Final_27122021.pdf,official_psx_recomposition
STJT,Shahtaj Textile Ltd,2022-01-03,True,True,216,6,Compliant,PSX/N-1504,2021-12-24,https://www.psx.com.pk/psx/themes/psx/uploads/sharia_KMI_All_Share_list_June_2021_Final_27122021.pdf,official_psx_recomposition
STML,Shams Textile Mills Ltd,2022-01-03,True,True,219,6,Compliant,PSX/N-1504,2021-12-24,https://www.psx.com.pk/psx/themes/psx/uploads/sharia_KMI_All_Share_list_June_2021_Final_27122021.pdf,official_psx_recomposition
STPL,Siddiqsons Tin Plate Ltd,2022-01-03,True,True,224,7,Compliant,PSX/N-1504,2021-12-24,https://www.psx.com.pk/psx/themes/psx/uploads/sharia_KMI_All_Share_list_June_2021_Final_27122021.pdf,official_psx_recomposition
SURC,Suraj Cotton Mills Ltd,2022-01-03,True,True,231,7,Compliant,PSX/N-1504,2021-12-24,https://www.psx.com.pk/psx/themes/psx/uploads/sharia_KMI_All_Share_list_June_2021_Final_27122021.pdf,official_psx_recomposition
SUTM,Sunrays Textile Mills Ltd,2022-01-03,True,True,230,7,Compliant,PSX/N-1504,2021-12-24,https://www.psx.com.pk/psx/themes/psx/uploads/sharia_KMI_All_Share_list_June_2021_Final_27122021.pdf,official_psx_recomposition
SYS,Systems Limited*,2022-01-03,True,True,233,7,Compliant,PSX/N-1504,2021-12-24,https://www.psx.com.pk/psx/themes/psx/uploads/sharia_KMI_All_Share_list_June_2021_Final_27122021.pdf,official_psx_recomposition
SZTM,Shahzad textile Mills Ltd,2022-01-03,True,True,217,6,Compliant,PSX/N-1504,2021-12-24,https://www.psx.com.pk/psx/themes/psx/uploads/sharia_KMI_All_Share_list_June_2021_Final_27122021.pdf,official_psx_recomposition
TATM,TATA Textile Mills Ltd.,2022-01-03,True,True,235,7,Compliant,PSX/N-1504,2021-12-24,https://www.psx.com.pk/psx/themes/psx/uploads/sharia_KMI_All_Share_list_June_2021_Final_27122021.pdf,official_psx_recomposition
TELE,Telecard Limited #,2022-01-03,True,True,236,7,Compliant,PSX/N-1504,2021-12-24,https://www.psx.com.pk/psx/themes/psx/uploads/sharia_KMI_All_Share_list_June_2021_Final_27122021.pdf,official_psx_recomposition
TGL,Tariq Glass Industries Ltd,2022-01-03,True,True,234,7,Compliant,PSX/N-1504,2021-12-24,https://www.psx.com.pk/psx/themes/psx/uploads/sharia_KMI_All_Share_list_June_2021_Final_27122021.pdf,official_psx_recomposition
THALL,Thal Limited,2022-01-03,True,True,237,7,Compliant,PSX/N-1504,2021-12-24,https://www.psx.com.pk/psx/themes/psx/uploads/sharia_KMI_All_Share_list_June_2021_Final_27122021.pdf,official_psx_recomposition
THCCL,Thatta Cement Company,2022-01-03,True,True,238,7,Compliant,PSX/N-1504,2021-12-24,https://www.psx.com.pk/psx/themes/psx/uploads/sharia_KMI_All_Share_list_June_2021_Final_27122021.pdf,official_psx_recomposition
TOMCL,The Organic Meat Company Ltd,2022-01-03,True,True,239,7,Compliant,PSX/N-1504,2021-12-24,https://www.psx.com.pk/psx/themes/psx/uploads/sharia_KMI_All_Share_list_June_2021_Final_27122021.pdf,official_psx_recomposition
TOWL,Towellers Limited,2022-01-03,True,True,241,7,Compliant,PSX/N-1504,2021-12-24,https://www.psx.com.pk/psx/themes/psx/uploads/sharia_KMI_All_Share_list_June_2021_Final_27122021.pdf,official_psx_recomposition
TREET,Treet Corporation Ltd,2022-01-03,True,True,242,7,Compliant,PSX/N-1504,2021-12-24,https://www.psx.com.pk/psx/themes/psx/uploads/sharia_KMI_All_Share_list_June_2021_Final_27122021.pdf,official_psx_recomposition
TRIPF,Tri-Pack Films Ltd*,2022-01-03,True,True,243,7,Compliant1,PSX/N-1504,2021-12-24,https://www.psx.com.pk/psx/themes/psx/uploads/sharia_KMI_All_Share_list_June_2021_Final_27122021.pdf,official_psx_recomposition
TRSM,Trust Modaraba,2022-01-03,True,True,244,7,Compliant **,PSX/N-1504,2021-12-24,https://www.psx.com.pk/psx/themes/psx/uploads/sharia_KMI_All_Share_list_June_2021_Final_27122021.pdf,official_psx_recomposition
UBDL,United Brands Limited,2022-01-03,True,True,247,7,Compliant,PSX/N-1504,2021-12-24,https://www.psx.com.pk/psx/themes/psx/uploads/sharia_KMI_All_Share_list_June_2021_Final_27122021.pdf,official_psx_recomposition
UCAPM,Unicap Modaraba,2022-01-03,True,True,245,7,Compliant3 **,PSX/N-1504,2021-12-24,https://www.psx.com.pk/psx/themes/psx/uploads/sharia_KMI_All_Share_list_June_2021_Final_27122021.pdf,official_psx_recomposition
UDPL,United Distributors (Pakistan) Ltd,2022-01-03,True,True,248,7,Compliant,PSX/N-1504,2021-12-24,https://www.psx.com.pk/psx/themes/psx/uploads/sharia_KMI_All_Share_list_June_2021_Final_27122021.pdf,official_psx_recomposition
UNITY,Unity Foods Ltd,2022-01-03,True,True,249,7,Compliant,PSX/N-1504,2021-12-24,https://www.psx.com.pk/psx/themes/psx/uploads/sharia_KMI_All_Share_list_June_2021_Final_27122021.pdf,official_psx_recomposition
UPFL,Unilever Pakistan Foods Ltd,2022-01-03,True,True,246,7,Compliant,PSX/N-1504,2021-12-24,https://www.psx.com.pk/psx/themes/psx/uploads/sharia_KMI_All_Share_list_June_2021_Final_27122021.pdf,official_psx_recomposition
WAHN,Wah-Noble Chemicals Ltd,2022-01-03,True,True,250,7,Compliant,PSX/N-1504,2021-12-24,https://www.psx.com.pk/psx/themes/psx/uploads/sharia_KMI_All_Share_list_June_2021_Final_27122021.pdf,official_psx_recomposition
WAVES,WAVES Singer Pakistan Ltd,2022-01-03,True,True,251,7,Compliant,PSX/N-1504,2021-12-24,https://www.psx.com.pk/psx/themes/psx/uploads/sharia_KMI_All_Share_list_June_2021_Final_27122021.pdf,official_psx_recomposition
WTL,WorldCall Telecom Ltd*,2022-01-03,True,True,252,7,Compliant,PSX/N-1504,2021-12-24,https://www.psx.com.pk/psx/themes/psx/uploads/sharia_KMI_All_Share_list_June_2021_Final_27122021.pdf,official_psx_recomposition
WYETH,Wyeth Pakistan Ltd*,2022-01-03,True,True,253,7,Compliant2,PSX/N-1504,2021-12-24,https://www.psx.com.pk/psx/themes/psx/uploads/sharia_KMI_All_Share_list_June_2021_Final_27122021.pdf,official_psx_recomposition
ZAHID,Zahidjee Textile Mills Ltd,2022-01-03,True,True,254,7,Compliant,PSX/N-1504,2021-12-24,https://www.psx.com.pk/psx/themes/psx/uploads/sharia_KMI_All_Share_list_June_2021_Final_27122021.pdf,official_psx_recomposition
ZIL,ZIL Limited,2022-01-03,True,True,256,7,Compliant,PSX/N-1504,2021-12-24,https://www.psx.com.pk/psx/themes/psx/uploads/sharia_KMI_All_Share_list_June_2021_Final_27122021.pdf,official_psx_recomposition
ZTL,Zephyr Textiles Ltd,2022-01-03,True,True,255,7,Compliant,PSX/N-1504,2021-12-24,https://www.psx.com.pk/psx/themes/psx/uploads/sharia_KMI_All_Share_list_June_2021_Final_27122021.pdf,official_psx_recomposition
