symbol,effective_from,effective_to,instrument_type,classification_source,classification_confidence,classification_rule,observed_sector,pit_eligible_row_count,c5_loss_contribution,extreme_target_count,review_priority,review_reason
AGL,2020-01-01,2025-05-02,ordinary_equity,sector_prefix_inference,low,sector_prefix:08,0805,1541,0.014090669497697786,7,1,top_c5_squared_loss|extreme_c4_target|multiple_classification_intervals|unusual_prefix_inferred_equity
ASC,2020-01-01,2026-07-10,debt_security,ticker_heuristic,low,ticker_regex:debt_security,0810,1576,0.01849556532326413,34,1,top_c5_squared_loss|classification_rule_conflict|special_security_entered_pit_universe|extreme_c4_target
BNL,2020-09-10,2021-02-12,ordinary_equity,sector_prefix_inference,low,sector_prefix:08,0835,833,0.015410069303748173,27,1,top_c5_squared_loss|extreme_c4_target|multiple_classification_intervals|unusual_prefix_inferred_equity
CWSM,2020-01-01,2025-12-29,ordinary_equity,sector_prefix_inference,low,sector_prefix:08,0830,430,0.0318752556273168,110,1,top_c5_squared_loss|extreme_c4_target
HBLTETF,2022-09-12,2026-07-10,ETF,observed_sector_rule,low,sector_exact:0837,0837,336,0.07700474438854377,19,1,top_c5_squared_loss|classification_rule_conflict|extreme_c4_target
KOIL,2020-01-01,2026-07-10,ordinary_equity,sector_prefix_inference,low,sector_prefix:08,0829,264,0.020407022750469857,68,1,top_c5_squared_loss|extreme_c4_target
KOSM,2020-01-01,2026-07-10,ordinary_equity,sector_prefix_inference,low,sector_prefix:08,0830,1271,0.02125203649702615,41,1,top_c5_squared_loss|extreme_c4_target
P01GIS150825,2024-08-20,2025-08-08,government_security,ticker_heuristic,low,ticker_regex:government_security,36,23,0.7268033522968445,0,1,top_c5_squared_loss|classification_rule_conflict|special_security_entered_pit_universe|short_interval_or_maturity_like_ticker
P01GIS250425,2024-04-30,2025-04-21,government_security,ticker_heuristic,low,ticker_regex:government_security,36,13,0.012195575922127685,0,1,top_c5_squared_loss|classification_rule_conflict|special_security_entered_pit_universe|short_interval_or_maturity_like_ticker
PACE,2020-01-01,2022-08-02,ordinary_equity,sector_prefix_inference,low,sector_prefix:08,0818,1254,0.017896123850609014,30,1,top_c5_squared_loss|extreme_c4_target|multiple_classification_intervals|unusual_prefix_inferred_equity
PAKD,2020-01-02,2026-07-10,ordinary_equity,sector_prefix_inference,low,sector_prefix:08,0828,492,0.01872786374237574,68,1,top_c5_squared_loss|extreme_c4_target
PHDL,2020-01-01,2025-01-20,ordinary_equity,sector_prefix_inference,low,sector_prefix:08,0818,278,0.5665216329729792,125,1,top_c5_squared_loss|extreme_c4_target
PREMA,2020-01-01,2026-07-10,ordinary_equity,sector_prefix_inference,low,sector_prefix:08,0810,1440,0.015354880059020803,17,1,top_c5_squared_loss|extreme_c4_target
PSMC,2020-01-01,2024-04-25,ordinary_equity,sector_prefix_inference,low,sector_prefix:08,0801,979,0.015024146017058468,34,1,top_c5_squared_loss|extreme_c4_target
SPL,2020-01-01,2026-07-10,ordinary_equity,sector_prefix_inference,low,sector_prefix:08,0805,624,0.028913751090576336,53,1,top_c5_squared_loss|extreme_c4_target
TRSM,2020-01-01,2026-07-10,ordinary_equity,sector_prefix_inference,low,sector_prefix:08,0819,310,0.01976222661851919,65,1,top_c5_squared_loss|extreme_c4_target
786R,2025-12-22,2026-01-02,right_or_entitlement,ticker_heuristic,low,ticker_regex:right_or_entitlement,0813,0,0.0,0,2,classification_rule_conflict|short_interval_or_maturity_like_ticker
ACIETF,2022-01-17,2026-07-10,ETF,observed_sector_rule,low,sector_exact:0837,0837,0,0.0,0,2,classification_rule_conflict
AGICR2,2025-11-10,2025-11-24,right_or_entitlement,ticker_heuristic,low,ticker_regex:right_or_entitlement,0812,0,0.0,0,2,classification_rule_conflict|short_interval_or_maturity_like_ticker
AGLNCPS,2024-04-29,2026-01-21,preference_share,ticker_heuristic,low,sector_prefix:08+preference_suffix,0805,0,0.0,6,2,classification_rule_conflict|extreme_c4_target|multiple_classification_intervals
AGSILSC,2021-11-17,2022-08-31,debt_security,observed_sector_rule,low,sector_exact:36,36,0,0.0,0,2,classification_rule_conflict
AKBLTFC6,2020-03-26,2025-06-03,debt_security,observed_sector_rule,low,sector_exact:36,36,0,0.0,0,2,classification_rule_conflict
AKBLTFC7,2020-09-24,2024-12-27,debt_security,observed_sector_rule,low,sector_exact:36,36,0,0.0,0,2,classification_rule_conflict
ALACR4,2020-10-06,2020-10-27,right_or_entitlement,ticker_heuristic,low,ticker_regex:right_or_entitlement,0812,0,0.0,5,2,classification_rule_conflict|extreme_c4_target
AMBLR4,2021-06-17,2021-07-09,right_or_entitlement,ticker_heuristic,low,ticker_regex:right_or_entitlement,0813,0,0.0,2,2,classification_rule_conflict|extreme_c4_target
ANLR,2020-02-27,2020-03-19,right_or_entitlement,ticker_heuristic,low,ticker_regex:right_or_entitlement,0829,0,0.0,6,2,classification_rule_conflict|extreme_c4_target
ASCR,2020-01-22,2020-02-13,right_or_entitlement,ticker_heuristic,low,ticker_regex:right_or_entitlement,0810,0,0.0,0,2,classification_rule_conflict
ASCR1,2021-01-13,2021-02-03,right_or_entitlement,ticker_heuristic,low,ticker_regex:right_or_entitlement,0810,0,0.0,0,2,classification_rule_conflict
ASCR2,2023-01-02,2023-01-24,right_or_entitlement,ticker_heuristic,low,ticker_regex:right_or_entitlement,0810,0,0.0,9,2,classification_rule_conflict|extreme_c4_target
ASLCPS,2021-05-27,2026-07-10,preference_share,ticker_heuristic,low,sector_prefix:08+preference_suffix,0808,0,0.0,52,2,classification_rule_conflict|extreme_c4_target
ASLPS,2020-03-02,2026-07-10,preference_share,ticker_heuristic,low,sector_prefix:08+preference_suffix,0808,0,0.0,0,2,classification_rule_conflict
BAFLTFC5,2020-01-20,2020-01-28,debt_security,observed_sector_rule,low,sector_exact:36,36,0,0.0,0,2,classification_rule_conflict|short_interval_or_maturity_like_ticker
BAFLTFC6,2020-01-13,2026-04-09,debt_security,observed_sector_rule,low,sector_exact:36,36,0,0.0,0,2,classification_rule_conflict
BAFLTFC7,2021-04-20,2021-04-20,debt_security,observed_sector_rule,low,sector_exact:36,36,0,0.0,0,2,classification_rule_conflict|short_interval_or_maturity_like_ticker
BAFLTFC8,2023-05-10,2025-12-23,debt_security,observed_sector_rule,low,sector_exact:36,36,0,0.0,0,2,classification_rule_conflict
BAHLTFC10,2024-12-26,2024-12-26,debt_security,observed_sector_rule,low,sector_exact:36,36,0,0.0,0,2,classification_rule_conflict|short_interval_or_maturity_like_ticker
BAHLTFC9,2023-01-18,2026-04-29,debt_security,observed_sector_rule,low,sector_exact:36,36,0,0.0,0,2,classification_rule_conflict
BCEMSTSC,2025-11-18,2025-12-19,debt_security,observed_sector_rule,low,sector_exact:36,36,0,0.0,0,2,classification_rule_conflict
BIPLSC,2020-06-09,2026-06-17,debt_security,observed_sector_rule,low,sector_exact:36,36,0,0.0,0,2,classification_rule_conflict
BIPLSC2,2024-04-17,2026-07-02,debt_security,observed_sector_rule,low,sector_exact:36,36,0,0.0,0,2,classification_rule_conflict
BOPTFC2,2023-03-30,2026-06-29,debt_security,observed_sector_rule,low,sector_exact:36,36,0,0.0,0,2,classification_rule_conflict
BRR,2020-01-01,2023-06-22,right_or_entitlement,ticker_heuristic,low,ticker_regex:right_or_entitlement,0819,36,0.0,0,2,classification_rule_conflict
BRRR,2020-12-30,2021-01-21,right_or_entitlement,ticker_heuristic,low,ticker_regex:right_or_entitlement,0819,0,0.0,3,2,classification_rule_conflict|extreme_c4_target
BYCOSC,2020-03-02,2020-09-22,debt_security,observed_sector_rule,low,sector_exact:36,36,0,0.0,0,2,classification_rule_conflict
CLCPS,2024-06-06,2026-07-10,preference_share,ticker_heuristic,low,sector_prefix:08+preference_suffix,0829,115,0.000675409253952508,0,2,classification_rule_conflict
CLVLR,2022-07-18,2022-08-05,right_or_entitlement,ticker_heuristic,low,ticker_regex:right_or_entitlement,0833,0,0.0,9,2,classification_rule_conflict|extreme_c4_target|short_interval_or_maturity_like_ticker
CNERGYSC,2022-12-08,2022-12-08,debt_security,observed_sector_rule,low,sector_exact:36,36,0,0.0,0,2,classification_rule_conflict|short_interval_or_maturity_like_ticker
CRTMR2,2021-06-07,2021-06-29,right_or_entitlement,ticker_heuristic,low,ticker_regex:right_or_entitlement,0829,0,0.0,0,2,classification_rule_conflict
CSILR3,2026-01-22,2026-02-06,right_or_entitlement,ticker_heuristic,low,ticker_regex:right_or_entitlement,0812,0,0.0,0,2,classification_rule_conflict|short_interval_or_maturity_like_ticker
DAWHSC1,2020-01-15,2021-02-08,debt_security,observed_sector_rule,low,sector_exact:36,36,0,0.0,0,2,classification_rule_conflict
DAWHSC2,2020-01-07,2021-02-19,debt_security,observed_sector_rule,low,sector_exact:36,36,0,0.0,0,2,classification_rule_conflict
DCR,2020-01-01,2026-07-10,REIT,observed_sector_rule,low,sector_exact:0836,0836,1338,0.001277335292983939,0,2,classification_rule_conflict
DINTR,2020-01-22,2020-02-12,right_or_entitlement,ticker_heuristic,low,ticker_regex:right_or_entitlement,0830,0,0.0,0,2,classification_rule_conflict
DNCCR,2021-07-01,2021-07-23,right_or_entitlement,ticker_heuristic,low,ticker_regex:right_or_entitlement,0804,0,0.0,10,2,classification_rule_conflict|extreme_c4_target
EPCLPS,2020-12-31,2026-07-10,preference_share,ticker_heuristic,low,sector_prefix:08+preference_suffix,0805,0,0.0,0,2,classification_rule_conflict
EPCLSC,2020-03-02,2022-11-29,debt_security,observed_sector_rule,low,sector_exact:36,36,0,0.0,0,2,classification_rule_conflict
EWICR3,2024-12-05,2024-12-16,right_or_entitlement,ticker_heuristic,low,ticker_regex:right_or_entitlement,0812,0,0.0,0,2,classification_rule_conflict|short_interval_or_maturity_like_ticker
FATIMASC,2020-01-03,2020-09-17,debt_security,observed_sector_rule,low,sector_exact:36,36,0,0.0,0,2,classification_rule_conflict
FCSC,2020-01-01,2026-07-10,debt_security,ticker_heuristic,low,ticker_regex:debt_security,0813,519,0.008357198238587023,50,2,classification_rule_conflict|special_security_entered_pit_universe|extreme_c4_target
FFBLR,2020-11-25,2020-12-17,right_or_entitlement,ticker_heuristic,low,ticker_regex:right_or_entitlement,0809,0,0.0,0,2,classification_rule_conflict
FFLR1,2021-11-09,2021-12-01,right_or_entitlement,ticker_heuristic,low,ticker_regex:right_or_entitlement,0810,0,0.0,3,2,classification_rule_conflict|extreme_c4_target
FLYNGR,2021-04-05,2021-04-27,right_or_entitlement,ticker_heuristic,low,ticker_regex:right_or_entitlement,0804,0,0.0,4,2,classification_rule_conflict|extreme_c4_target
FLYNGR1,2022-02-24,2022-03-17,right_or_entitlement,ticker_heuristic,low,ticker_regex:right_or_entitlement,0804,0,0.0,14,2,classification_rule_conflict|extreme_c4_target
FMLR,2021-12-08,2021-12-30,right_or_entitlement,ticker_heuristic,low,ticker_regex:right_or_entitlement,0829,0,0.0,9,2,classification_rule_conflict|extreme_c4_target
FRSMR,2024-12-05,2024-12-27,right_or_entitlement,ticker_heuristic,low,ticker_regex:right_or_entitlement,0826,0,0.0,0,2,classification_rule_conflict
GATIR,2024-02-16,2024-03-08,right_or_entitlement,ticker_heuristic,low,ticker_regex:right_or_entitlement,0827,0,0.0,0,2,classification_rule_conflict
GCWLR,2026-06-15,2026-06-29,right_or_entitlement,ticker_heuristic,low,ticker_regex:right_or_entitlement,0805,0,0.0,0,2,classification_rule_conflict|short_interval_or_maturity_like_ticker
GGGLR1,2021-02-01,2021-02-23,right_or_entitlement,ticker_heuristic,low,ticker_regex:right_or_entitlement,0811,0,0.0,1,2,classification_rule_conflict|extreme_c4_target
GGLR1,2020-12-07,2020-12-29,right_or_entitlement,ticker_heuristic,low,ticker_regex:right_or_entitlement,0805,0,0.0,3,2,classification_rule_conflict|extreme_c4_target
GHGLR3,2021-01-28,2021-02-19,right_or_entitlement,ticker_heuristic,low,ticker_regex:right_or_entitlement,0811,0,0.0,0,2,classification_rule_conflict
GLPLR,2021-01-14,2021-02-04,right_or_entitlement,ticker_heuristic,low,ticker_regex:right_or_entitlement,0810,0,0.0,0,2,classification_rule_conflict
GRR,2022-12-28,2026-07-10,REIT,observed_sector_rule,low,sector_exact:0836,0836,214,2.840501729734108e-05,0,2,classification_rule_conflict
GTECHBR,2022-10-04,2022-10-26,right_or_entitlement,ticker_heuristic,low,ticker_regex:right_or_entitlement,0805,0,0.0,4,2,classification_rule_conflict|extreme_c4_target
GTYR,2020-01-01,2026-07-10,right_or_entitlement,ticker_heuristic,low,ticker_regex:right_or_entitlement,0802,1352,0.00377415071000184,0,2,classification_rule_conflict
GVGLR3,2020-01-01,2020-01-02,right_or_entitlement,ticker_heuristic,low,ticker_regex:right_or_entitlement,0811,0,0.0,0,2,classification_rule_conflict|short_interval_or_maturity_like_ticker
HBLTFC,2020-01-22,2021-02-11,debt_security,observed_sector_rule,low,sector_exact:36,36,0,0.0,0,2,classification_rule_conflict
HBLTFC2,2020-02-26,2026-04-09,debt_security,observed_sector_rule,low,sector_exact:36,36,0,0.0,0,2,classification_rule_conflict
HCAR,2020-01-01,2026-07-10,right_or_entitlement,ticker_heuristic,low,ticker_regex:right_or_entitlement,0801,1576,0.006582194318588801,0,2,classification_rule_conflict
HINOR,2020-10-22,2020-11-13,right_or_entitlement,ticker_heuristic,low,ticker_regex:right_or_entitlement,0801,0,0.0,0,2,classification_rule_conflict
HSMCPS,2022-03-17,2022-08-04,preference_share,ticker_heuristic,low,sector_prefix:08+preference_suffix,0826,0,0.0,0,2,classification_rule_conflict
HSMPSR,2021-12-23,2022-01-14,right_or_entitlement,ticker_heuristic,low,ticker_regex:right_or_entitlement,0826,0,0.0,7,2,classification_rule_conflict|extreme_c4_target
HSMR3,2021-08-30,2021-09-21,right_or_entitlement,ticker_heuristic,low,ticker_regex:right_or_entitlement,0826,0,0.0,4,2,classification_rule_conflict|extreme_c4_target
HUBCSC2,2020-01-28,2023-07-10,debt_security,observed_sector_rule,low,sector_exact:36,36,0,0.0,0,2,classification_rule_conflict
HUBCSC4,2021-03-04,2023-11-17,debt_security,observed_sector_rule,low,sector_exact:36,36,0,0.0,0,2,classification_rule_conflict
HUBPHLSC,2022-03-31,2024-10-21,debt_security,observed_sector_rule,low,sector_exact:36,36,0,0.0,0,2,classification_rule_conflict
IMAGER1,2021-08-16,2021-09-07,right_or_entitlement,ticker_heuristic,low,ticker_regex:right_or_entitlement,0827,0,0.0,0,2,classification_rule_conflict
IMAGER2,2024-03-25,2024-04-16,right_or_entitlement,ticker_heuristic,low,ticker_regex:right_or_entitlement,0827,0,0.0,0,2,classification_rule_conflict
IREIT,2025-10-06,2026-07-10,REIT,observed_sector_rule,low,sector_exact:0836,0836,151,2.1749220662668853e-05,0,2,classification_rule_conflict
JSBLR1,2023-07-10,2023-07-27,right_or_entitlement,ticker_heuristic,low,ticker_regex:right_or_entitlement,0807,0,0.0,11,2,classification_rule_conflict|extreme_c4_target|short_interval_or_maturity_like_ticker
JSBLTFC1,2020-03-02,2023-01-19,debt_security,observed_sector_rule,low,sector_exact:36,36,0,0.0,0,2,classification_rule_conflict
JSBLTFC2,2020-01-03,2026-04-09,debt_security,observed_sector_rule,low,sector_exact:36,36,0,0.0,0,2,classification_rule_conflict
JSBLTFC3,2023-08-28,2023-11-24,debt_security,observed_sector_rule,low,sector_exact:36,36,0,0.0,0,2,classification_rule_conflict
JSBLTFC4,2024-01-31,2025-08-15,debt_security,observed_sector_rule,low,sector_exact:36,36,0,0.0,0,2,classification_rule_conflict
JSCLR1,2021-06-07,2021-06-29,right_or_entitlement,ticker_heuristic,low,ticker_regex:right_or_entitlement,0813,0,0.0,10,2,classification_rule_conflict|extreme_c4_target
JSGBETF,2023-09-11,2026-07-10,ETF,observed_sector_rule,low,sector_exact:0837,0837,173,0.00016527081404030524,0,2,classification_rule_conflict
JSMFETF,2022-01-07,2026-07-10,ETF,observed_sector_rule,low,sector_exact:0837,0837,479,0.001661692171057025,0,2,classification_rule_conflict
JSRR,2026-05-18,2026-07-10,REIT,observed_sector_rule,low,sector_exact:0836,0836,0,0.0,0,2,classification_rule_conflict
JSTFC11,2020-01-07,2022-06-15,debt_security,observed_sector_rule,low,sector_exact:36,36,0,0.0,0,2,classification_rule_conflict
JVDCPS,2024-05-29,2025-01-06,preference_share,ticker_heuristic,low,sector_prefix:08+preference_suffix,0804,0,0.0,0,2,classification_rule_conflict|multiple_classification_intervals
KELSC4,2020-01-07,2020-11-26,debt_security,observed_sector_rule,low,sector_exact:36,36,0,0.0,0,2,classification_rule_conflict
KELSC5,2020-08-26,2026-06-01,debt_security,observed_sector_rule,low,sector_exact:36,36,0,0.0,0,2,classification_rule_conflict
KELSC6,2023-06-12,2026-06-11,debt_security,observed_sector_rule,low,sector_exact:36,36,0,0.0,0,2,classification_rule_conflict
KFTFC1,2021-11-02,2021-11-16,debt_security,observed_sector_rule,low,sector_exact:36,36,0,0.0,0,2,classification_rule_conflict|short_interval_or_maturity_like_ticker
KSBPR,2024-07-18,2024-08-08,right_or_entitlement,ticker_heuristic,low,ticker_regex:right_or_entitlement,0808,0,0.0,2,2,classification_rule_conflict|extreme_c4_target
LIVENR,2025-12-01,2025-12-15,right_or_entitlement,ticker_heuristic,low,ticker_regex:right_or_entitlement,0823,0,0.0,0,2,classification_rule_conflict|short_interval_or_maturity_like_ticker
LOADSR,2021-01-26,2021-02-17,right_or_entitlement,ticker_heuristic,low,ticker_regex:right_or_entitlement,0802,0,0.0,0,2,classification_rule_conflict
LOADSR1,2026-02-18,2026-03-04,right_or_entitlement,ticker_heuristic,low,ticker_regex:right_or_entitlement,0802,0,0.0,0,2,classification_rule_conflict|short_interval_or_maturity_like_ticker
LSECLR,2026-02-12,2026-02-26,right_or_entitlement,ticker_heuristic,low,ticker_regex:right_or_entitlement,0813,0,0.0,0,2,classification_rule_conflict|short_interval_or_maturity_like_ticker
LSEVLR,2025-12-22,2026-01-02,right_or_entitlement,ticker_heuristic,low,ticker_regex:right_or_entitlement,0813,0,0.0,2,2,classification_rule_conflict|extreme_c4_target|short_interval_or_maturity_like_ticker
MACTER,2020-01-02,2026-07-10,right_or_entitlement,ticker_heuristic,low,ticker_regex:right_or_entitlement,0823,386,0.004046588542913876,23,2,classification_rule_conflict|extreme_c4_target
MACTERR,2021-08-10,2021-08-26,right_or_entitlement,ticker_heuristic,low,ticker_regex:right_or_entitlement,0823,0,0.0,5,2,classification_rule_conflict|extreme_c4_target|short_interval_or_maturity_like_ticker
MERITR2,2021-10-27,2021-11-18,right_or_entitlement,ticker_heuristic,low,ticker_regex:right_or_entitlement,0822,0,0.0,9,2,classification_rule_conflict|extreme_c4_target
MFFLR,2020-12-07,2020-12-29,right_or_entitlement,ticker_heuristic,low,ticker_regex:right_or_entitlement,0810,0,0.0,0,2,classification_rule_conflict
MFFLR1,2026-03-19,2026-04-02,right_or_entitlement,ticker_heuristic,low,ticker_regex:right_or_entitlement,0810,0,0.0,0,2,classification_rule_conflict|short_interval_or_maturity_like_ticker
MIIETF,2024-03-11,2026-07-10,ETF,observed_sector_rule,low,sector_exact:0837,0837,396,0.0006210185674140096,0,2,classification_rule_conflict
MIRKSR,2024-04-08,2024-04-29,right_or_entitlement,ticker_heuristic,low,ticker_regex:right_or_entitlement,0826,0,0.0,0,2,classification_rule_conflict
MODAMR,2021-11-04,2021-11-26,right_or_entitlement,ticker_heuristic,low,ticker_regex:right_or_entitlement,0819,0,0.0,12,2,classification_rule_conflict|extreme_c4_target
MODAMR1,2023-06-06,2023-06-23,right_or_entitlement,ticker_heuristic,low,ticker_regex:right_or_entitlement,0819,0,0.0,10,2,classification_rule_conflict|extreme_c4_target|short_interval_or_maturity_like_ticker
MUGHALR1,2021-03-25,2021-04-16,right_or_entitlement,ticker_heuristic,low,ticker_regex:right_or_entitlement,0808,0,0.0,0,2,classification_rule_conflict
MUGHALR2,2025-03-24,2025-04-04,right_or_entitlement,ticker_heuristic,low,ticker_regex:right_or_entitlement,0808,0,0.0,0,2,classification_rule_conflict|short_interval_or_maturity_like_ticker
MUGHALSC,2022-03-11,2025-06-18,debt_security,observed_sector_rule,low,sector_exact:36,36,0,0.0,0,2,classification_rule_conflict
MZNPETF,2021-07-26,2021-10-22,ETF,observed_sector_rule,low,sector_exact:0837,0837,458,0.0008438492080527131,0,2,classification_rule_conflict|multiple_classification_intervals
NBPGETF,2021-07-30,2026-07-10,ETF,observed_sector_rule,low,sector_exact:0837,0837,17,0.0,0,2,classification_rule_conflict
NITGETF,2021-07-27,2026-07-10,ETF,observed_sector_rule,low,sector_exact:0837,0837,0,0.0,0,2,classification_rule_conflict
OBOYR1,2022-06-06,2022-06-28,right_or_entitlement,ticker_heuristic,low,ticker_regex:right_or_entitlement,0821,0,0.0,5,2,classification_rule_conflict|extreme_c4_target
OBOYR2,2025-03-27,2025-04-18,right_or_entitlement,ticker_heuristic,low,ticker_regex:right_or_entitlement,0821,0,0.0,5,2,classification_rule_conflict|extreme_c4_target
P01GHS100627,2026-06-15,2026-07-10,government_security,ticker_heuristic,low,ticker_regex:government_security,36,0,0.0,0,2,classification_rule_conflict|short_interval_or_maturity_like_ticker
P01GHS130527,2026-05-18,2026-07-10,government_security,ticker_heuristic,low,ticker_regex:government_security,36,0,0.0,0,2,classification_rule_conflict|short_interval_or_maturity_like_ticker
P01GHS150427,2026-04-20,2026-07-10,government_security,ticker_heuristic,low,ticker_regex:government_security,36,13,0.0,0,2,classification_rule_conflict|special_security_entered_pit_universe|short_interval_or_maturity_like_ticker
P01GHS200527,2026-06-08,2026-07-10,government_security,ticker_heuristic,low,ticker_regex:government_security,36,0,0.0,0,2,classification_rule_conflict|short_interval_or_maturity_like_ticker
P01GHS230627,2026-06-30,2026-07-10,government_security,ticker_heuristic,low,ticker_regex:government_security,36,0,0.0,0,2,classification_rule_conflict|short_interval_or_maturity_like_ticker
P01GHS290427,2026-05-05,2026-07-10,government_security,ticker_heuristic,low,ticker_regex:government_security,36,0,0.0,0,2,classification_rule_conflict|short_interval_or_maturity_like_ticker
P01GIS031225,2024-12-06,2025-11-27,government_security,ticker_heuristic,low,ticker_regex:government_security,36,81,0.0010968268476709302,0,2,classification_rule_conflict|special_security_entered_pit_universe|short_interval_or_maturity_like_ticker
P01GIS040226,2025-02-10,2026-01-26,government_security,ticker_heuristic,low,ticker_regex:government_security,36,0,0.0,0,2,classification_rule_conflict|short_interval_or_maturity_like_ticker
P01GIS060326,2025-04-15,2025-12-22,government_security,ticker_heuristic,low,ticker_regex:government_security,36,0,0.0,0,2,classification_rule_conflict|short_interval_or_maturity_like_ticker
P01GIS061125,2024-11-11,2025-10-31,government_security,ticker_heuristic,low,ticker_regex:government_security,36,36,0.00011028310285305096,0,2,classification_rule_conflict|special_security_entered_pit_universe|short_interval_or_maturity_like_ticker
P01GIS080126,2025-01-13,2026-01-02,government_security,ticker_heuristic,low,ticker_regex:government_security,36,1,2.5933771787636372e-08,0,2,classification_rule_conflict|special_security_entered_pit_universe|short_interval_or_maturity_like_ticker
P01GIS080227,2026-02-11,2026-06-30,government_security,ticker_heuristic,low,ticker_regex:government_security,36,0,0.0,0,2,classification_rule_conflict|short_interval_or_maturity_like_ticker
P01GIS080425,2024-05-21,2025-03-19,government_security,ticker_heuristic,low,ticker_regex:government_security,36,0,0.0,0,2,classification_rule_conflict|short_interval_or_maturity_like_ticker
P01GIS090525,2024-05-14,2025-05-05,government_security,ticker_heuristic,low,ticker_regex:government_security,36,0,0.0,0,2,classification_rule_conflict|short_interval_or_maturity_like_ticker
P01GIS091224,2023-12-12,2024-12-03,government_security,ticker_heuristic,low,ticker_regex:government_security,36,47,2.8769953005814216e-05,0,2,classification_rule_conflict|special_security_entered_pit_universe|short_interval_or_maturity_like_ticker
P01GIS101226,2025-12-22,2026-07-07,government_security,ticker_heuristic,low,ticker_regex:government_security,36,0,0.0,0,2,classification_rule_conflict|short_interval_or_maturity_like_ticker
P01GIS131126,2025-11-18,2026-07-02,government_security,ticker_heuristic,low,ticker_regex:government_security,36,0,0.0,0,2,classification_rule_conflict|short_interval_or_maturity_like_ticker
P01GIS140325,2024-03-19,2025-03-07,government_security,ticker_heuristic,low,ticker_regex:government_security,36,36,6.973142930937325e-06,0,2,classification_rule_conflict|special_security_entered_pit_universe|short_interval_or_maturity_like_ticker
P01GIS141026,2025-10-20,2026-07-10,government_security,ticker_heuristic,low,ticker_regex:government_security,36,0,0.0,0,2,classification_rule_conflict|short_interval_or_maturity_like_ticker
P01GIS170925,2024-09-20,2025-09-04,government_security,ticker_heuristic,low,ticker_regex:government_security,36,0,0.0,0,2,classification_rule_conflict|short_interval_or_maturity_like_ticker
P01GIS190225,2024-05-07,2025-01-07,government_security,ticker_heuristic,low,ticker_regex:government_security,36,0,0.0,0,2,classification_rule_conflict|short_interval_or_maturity_like_ticker
P01GIS200826,2025-08-25,2026-07-10,government_security,ticker_heuristic,low,ticker_regex:government_security,36,74,0.0,0,2,classification_rule_conflict|special_security_entered_pit_universe|short_interval_or_maturity_like_ticker
P01GIS201025,2024-10-23,2025-10-07,government_security,ticker_heuristic,low,ticker_regex:government_security,36,7,0.00015886897736089726,0,2,classification_rule_conflict|special_security_entered_pit_universe|short_interval_or_maturity_like_ticker
P01GIS210127,2026-01-27,2026-07-10,government_security,ticker_heuristic,low,ticker_regex:government_security,36,25,0.0,0,2,classification_rule_conflict|special_security_entered_pit_universe|short_interval_or_maturity_like_ticker
P01GIS220125,2024-01-26,2025-01-13,government_security,ticker_heuristic,low,ticker_regex:government_security,36,2,0.0,0,2,classification_rule_conflict|special_security_entered_pit_universe|short_interval_or_maturity_like_ticker
P01GIS230525,2024-05-29,2025-05-19,government_security,ticker_heuristic,low,ticker_regex:government_security,36,38,2.7588285908470744e-06,0,2,classification_rule_conflict|special_security_entered_pit_universe|short_interval_or_maturity_like_ticker
P01GIS230726,2025-07-30,2026-07-10,government_security,ticker_heuristic,low,ticker_regex:government_security,36,25,0.0,0,2,classification_rule_conflict|special_security_entered_pit_universe|short_interval_or_maturity_like_ticker
P01GIS250327,2026-04-08,2026-06-30,government_security,ticker_heuristic,low,ticker_regex:government_security,36,0,0.0,0,2,classification_rule_conflict|short_interval_or_maturity_like_ticker
P01GIS250626,2025-07-03,2026-06-18,government_security,ticker_heuristic,low,ticker_regex:government_security,36,1,0.0,0,2,classification_rule_conflict|special_security_entered_pit_universe|short_interval_or_maturity_like_ticker
P01GIS250725,2024-07-30,2025-07-21,government_security,ticker_heuristic,low,ticker_regex:government_security,36,23,4.3090349737110965e-05,0,2,classification_rule_conflict|special_security_entered_pit_universe|short_interval_or_maturity_like_ticker
P01GIS270625,2024-07-05,2025-06-20,government_security,ticker_heuristic,low,ticker_regex:government_security,36,8,0.0,0,2,classification_rule_conflict|special_security_entered_pit_universe|short_interval_or_maturity_like_ticker
P01GIS280325,2024-06-28,2025-02-12,government_security,ticker_heuristic,low,ticker_regex:government_security,36,0,0.0,0,2,classification_rule_conflict|short_interval_or_maturity_like_ticker
P01GIS290526,2025-06-03,2026-05-20,government_security,ticker_heuristic,low,ticker_regex:government_security,36,0,0.0,0,2,classification_rule_conflict|short_interval_or_maturity_like_ticker
P01GIS290926,2025-10-02,2026-07-10,government_security,ticker_heuristic,low,ticker_regex:government_security,36,0,0.0,0,2,classification_rule_conflict|short_interval_or_maturity_like_ticker
P01GIS300426,2025-07-17,2026-04-22,government_security,ticker_heuristic,low,ticker_regex:government_security,36,0,0.0,0,2,classification_rule_conflict|short_interval_or_maturity_like_ticker
P03FRR020528,2026-05-29,2026-05-29,government_security,ticker_heuristic,low,ticker_regex:government_security,36,0,0.0,0,2,classification_rule_conflict|short_interval_or_maturity_like_ticker
P03FRR090128,2025-01-17,2026-07-09,government_security,ticker_heuristic,low,ticker_regex:government_security,36,0,0.0,0,2,classification_rule_conflict|short_interval_or_maturity_like_ticker
P03FRR180629,2026-06-24,2026-07-07,government_security,ticker_heuristic,low,ticker_regex:government_security,36,0,0.0,0,2,classification_rule_conflict|short_interval_or_maturity_like_ticker
P03FRR180927,2024-09-20,2026-07-06,government_security,ticker_heuristic,low,ticker_regex:government_security,36,0,0.0,0,2,classification_rule_conflict|short_interval_or_maturity_like_ticker
P03FRR211027,2024-10-23,2026-07-06,government_security,ticker_heuristic,low,ticker_regex:government_security,36,0,0.0,0,2,classification_rule_conflict|short_interval_or_maturity_like_ticker
P03FRR220129,2026-01-26,2026-06-30,government_security,ticker_heuristic,low,ticker_regex:government_security,36,0,0.0,0,2,classification_rule_conflict|short_interval_or_maturity_like_ticker
P03FRR240127,2024-07-24,2026-03-12,government_security,ticker_heuristic,low,ticker_regex:government_security,36,0,0.0,0,2,classification_rule_conflict|short_interval_or_maturity_like_ticker
P03FRR280627,2024-08-19,2026-06-18,government_security,ticker_heuristic,low,ticker_regex:government_security,36,0,0.0,0,2,classification_rule_conflict|short_interval_or_maturity_like_ticker
P03FRR300528,2025-07-03,2026-07-07,government_security,ticker_heuristic,low,ticker_regex:government_security,36,0,0.0,0,2,classification_rule_conflict|short_interval_or_maturity_like_ticker
P03FRR300928,2026-03-12,2026-03-12,government_security,ticker_heuristic,low,ticker_regex:government_security,36,0,0.0,0,2,classification_rule_conflict|short_interval_or_maturity_like_ticker
P03GVR190528,2025-05-30,2026-04-07,debt_security,observed_sector_rule,low,sector_exact:36,36,0,0.0,0,2,classification_rule_conflict|short_interval_or_maturity_like_ticker
P03PIB040825,2022-09-12,2023-04-12,government_security,ticker_heuristic,low,ticker_regex:government_security,3610,0,0.0,0,2,classification_rule_conflict|short_interval_or_maturity_like_ticker
P03PIB050824,2021-09-24,2021-12-24,government_security,ticker_heuristic,low,ticker_regex:government_security,3610,0,0.0,0,2,classification_rule_conflict|short_interval_or_maturity_like_ticker
P03PIB200823,2021-04-07,2021-11-10,government_security,ticker_heuristic,low,ticker_regex:government_security,3610,0,0.0,0,2,classification_rule_conflict|short_interval_or_maturity_like_ticker
P03VRR090128,2025-02-26,2026-06-02,government_security,ticker_heuristic,low,ticker_regex:government_security,36,0,0.0,0,2,classification_rule_conflict|short_interval_or_maturity_like_ticker
P03VRR100527,2025-05-30,2025-10-23,government_security,ticker_heuristic,low,ticker_regex:government_security,36,0,0.0,0,2,classification_rule_conflict|short_interval_or_maturity_like_ticker
P03VRR180927,2024-09-20,2026-07-10,government_security,ticker_heuristic,low,ticker_regex:government_security,36,0,0.0,0,2,classification_rule_conflict|short_interval_or_maturity_like_ticker
P03VRR211027,2024-10-23,2026-06-30,government_security,ticker_heuristic,low,ticker_regex:government_security,36,0,0.0,0,2,classification_rule_conflict|short_interval_or_maturity_like_ticker
P03VRR240127,2024-01-31,2026-06-15,government_security,ticker_heuristic,low,ticker_regex:government_security,36,0,0.0,0,2,classification_rule_conflict|short_interval_or_maturity_like_ticker
P03VRR280627,2024-08-19,2026-07-06,government_security,ticker_heuristic,low,ticker_regex:government_security,36,0,0.0,0,2,classification_rule_conflict|short_interval_or_maturity_like_ticker
P05FRR070330,2025-11-27,2026-04-14,government_security,ticker_heuristic,low,ticker_regex:government_security,36,0,0.0,0,2,classification_rule_conflict|short_interval_or_maturity_like_ticker
P05FRR090130,2025-02-26,2026-07-09,government_security,ticker_heuristic,low,ticker_regex:government_security,36,0,0.0,0,2,classification_rule_conflict|short_interval_or_maturity_like_ticker
P05FRR100529,2024-07-30,2026-07-10,government_security,ticker_heuristic,low,ticker_regex:government_security,36,0,0.0,0,2,classification_rule_conflict|short_interval_or_maturity_like_ticker
P05FRR180631,2026-07-03,2026-07-03,government_security,ticker_heuristic,low,ticker_regex:government_security,36,0,0.0,0,2,classification_rule_conflict|short_interval_or_maturity_like_ticker
P05FRR180929,2024-09-20,2026-06-19,government_security,ticker_heuristic,low,ticker_regex:government_security,36,0,0.0,0,2,classification_rule_conflict|short_interval_or_maturity_like_ticker
P05FRR211029,2024-10-23,2026-07-07,government_security,ticker_heuristic,low,ticker_regex:government_security,36,0,0.0,0,2,classification_rule_conflict|short_interval_or_maturity_like_ticker
P05FRR220131,2026-01-26,2026-07-03,government_security,ticker_heuristic,low,ticker_regex:government_security,36,3,0.0,0,2,classification_rule_conflict|special_security_entered_pit_universe|short_interval_or_maturity_like_ticker
P05FRR240129,2024-07-04,2026-07-07,government_security,ticker_heuristic,low,ticker_regex:government_security,36,0,0.0,0,2,classification_rule_conflict|short_interval_or_maturity_like_ticker
P05FRR280629,2024-08-19,2026-07-10,government_security,ticker_heuristic,low,ticker_regex:government_security,36,0,0.0,0,2,classification_rule_conflict|short_interval_or_maturity_like_ticker
P05FRR300530,2025-06-20,2026-07-03,government_security,ticker_heuristic,low,ticker_regex:government_security,36,2,0.0,0,2,classification_rule_conflict|special_security_entered_pit_universe|short_interval_or_maturity_like_ticker
P05FRR300930,2025-10-20,2026-07-03,government_security,ticker_heuristic,low,ticker_regex:government_security,36,29,0.0,0,2,classification_rule_conflict|special_security_entered_pit_universe|short_interval_or_maturity_like_ticker
P05PIB131027,2023-01-26,2023-04-12,government_security,ticker_heuristic,low,ticker_regex:government_security,3610,0,0.0,0,2,classification_rule_conflict|short_interval_or_maturity_like_ticker
P05PIB290427,2022-09-12,2022-09-12,government_security,ticker_heuristic,low,ticker_regex:government_security,3610,0,0.0,0,2,classification_rule_conflict|short_interval_or_maturity_like_ticker
P05VRR090130,2025-02-26,2026-04-09,government_security,ticker_heuristic,low,ticker_regex:government_security,36,0,0.0,0,2,classification_rule_conflict|short_interval_or_maturity_like_ticker
P05VRR100529,2024-06-26,2026-06-29,government_security,ticker_heuristic,low,ticker_regex:government_security,36,0,0.0,0,2,classification_rule_conflict|short_interval_or_maturity_like_ticker
P05VRR180929,2024-09-20,2026-06-16,government_security,ticker_heuristic,low,ticker_regex:government_security,36,0,0.0,0,2,classification_rule_conflict|short_interval_or_maturity_like_ticker
P05VRR211029,2024-10-23,2026-06-23,government_security,ticker_heuristic,low,ticker_regex:government_security,36,0,0.0,0,2,classification_rule_conflict|short_interval_or_maturity_like_ticker
P05VRR240129,2024-03-04,2026-06-30,government_security,ticker_heuristic,low,ticker_regex:government_security,36,0,0.0,0,2,classification_rule_conflict|short_interval_or_maturity_like_ticker
P05VRR280629,2024-08-19,2026-05-15,government_security,ticker_heuristic,low,ticker_regex:government_security,36,0,0.0,0,2,classification_rule_conflict|short_interval_or_maturity_like_ticker
P05VRR300530,2025-11-25,2026-04-07,government_security,ticker_heuristic,low,ticker_regex:government_security,36,0,0.0,0,2,classification_rule_conflict|short_interval_or_maturity_like_ticker
P10FRR090135,2026-06-22,2026-06-22,government_security,ticker_heuristic,low,ticker_regex:government_security,36,0,0.0,0,2,classification_rule_conflict|short_interval_or_maturity_like_ticker
P10FRR180934,2024-09-23,2026-06-19,government_security,ticker_heuristic,low,ticker_regex:government_security,36,0,0.0,0,2,classification_rule_conflict|short_interval_or_maturity_like_ticker
P10FRR211034,2025-08-05,2025-12-22,government_security,ticker_heuristic,low,ticker_regex:government_security,36,0,0.0,0,2,classification_rule_conflict|short_interval_or_maturity_like_ticker
P10FRZ141135,2026-01-02,2026-01-02,government_security,ticker_heuristic,low,ticker_regex:government_security,36,0,0.0,0,2,classification_rule_conflict|short_interval_or_maturity_like_ticker
P10FRZ220136,2026-01-26,2026-06-17,government_security,ticker_heuristic,low,ticker_regex:government_security,36,0,0.0,0,2,classification_rule_conflict|short_interval_or_maturity_like_ticker
P10FRZ240735,2026-06-19,2026-06-19,government_security,ticker_heuristic,low,ticker_regex:government_security,36,0,0.0,0,2,classification_rule_conflict|short_interval_or_maturity_like_ticker
P10PIB101230,2022-10-05,2022-10-31,government_security,ticker_heuristic,low,ticker_regex:government_security,3610,0,0.0,0,2,classification_rule_conflict|short_interval_or_maturity_like_ticker
P10VRR070335,2025-06-16,2025-06-16,government_security,ticker_heuristic,low,ticker_regex:government_security,36,0,0.0,0,2,classification_rule_conflict|short_interval_or_maturity_like_ticker
P10VRR090135,2025-08-07,2025-12-22,government_security,ticker_heuristic,low,ticker_regex:government_security,36,0,0.0,0,2,classification_rule_conflict|short_interval_or_maturity_like_ticker
P10VRR160436,2026-05-07,2026-07-10,government_security,ticker_heuristic,low,ticker_regex:government_security,36,0,0.0,0,2,classification_rule_conflict|short_interval_or_maturity_like_ticker
P10VRR180934,2024-09-23,2026-06-29,government_security,ticker_heuristic,low,ticker_regex:government_security,36,0,0.0,0,2,classification_rule_conflict|short_interval_or_maturity_like_ticker
P10VRR211034,2024-10-28,2026-06-30,government_security,ticker_heuristic,low,ticker_regex:government_security,36,0,0.0,0,2,classification_rule_conflict|short_interval_or_maturity_like_ticker
P10VRR220136,2026-01-26,2026-03-26,government_security,ticker_heuristic,low,ticker_regex:government_security,36,0,0.0,0,2,classification_rule_conflict|short_interval_or_maturity_like_ticker
P10VRR300535,2025-08-25,2026-03-27,government_security,ticker_heuristic,low,ticker_regex:government_security,36,0,0.0,0,2,classification_rule_conflict|short_interval_or_maturity_like_ticker
PAELR3,2022-03-10,2022-04-01,right_or_entitlement,ticker_heuristic,low,ticker_regex:right_or_entitlement,0803,0,0.0,6,2,classification_rule_conflict|extreme_c4_target
PAKOXYR,2023-11-01,2023-11-23,right_or_entitlement,ticker_heuristic,low,ticker_regex:right_or_entitlement,0805,0,0.0,0,2,classification_rule_conflict
PAKQATAR,2025-12-31,2026-07-10,right_or_entitlement,ticker_heuristic,low,ticker_regex:right_or_entitlement,0812,90,0.0,0,2,classification_rule_conflict
PESC1,2020-01-02,2025-12-08,debt_security,observed_sector_rule,low,sector_exact:36,36,9,0.0,0,2,classification_rule_conflict|special_security_entered_pit_universe
PESC2,2020-07-29,2025-12-08,debt_security,observed_sector_rule,low,sector_exact:36,36,0,0.0,0,2,classification_rule_conflict
PK03TB010623,2023-05-05,2023-05-05,government_security,ticker_heuristic,low,ticker_regex:government_security,3610,0,0.0,0,2,classification_rule_conflict|short_interval_or_maturity_like_ticker
PK03TB021221,2021-11-17,2021-11-17,government_security,ticker_heuristic,low,ticker_regex:government_security,3610,0,0.0,0,2,classification_rule_conflict|short_interval_or_maturity_like_ticker
PK03TB040523,2023-04-10,2023-04-20,government_security,ticker_heuristic,low,ticker_regex:government_security,3610,0,0.0,0,2,classification_rule_conflict|short_interval_or_maturity_like_ticker
PK03TB060423,2023-01-27,2023-04-04,government_security,ticker_heuristic,low,ticker_regex:government_security,3610,0,0.0,0,2,classification_rule_conflict|short_interval_or_maturity_like_ticker
PK03TB150623,2023-04-03,2023-04-03,government_security,ticker_heuristic,low,ticker_regex:government_security,3610,0,0.0,0,2,classification_rule_conflict|short_interval_or_maturity_like_ticker
PK03TB150721,2021-05-26,2021-05-26,government_security,ticker_heuristic,low,ticker_regex:government_security,3610,0,0.0,0,2,classification_rule_conflict|short_interval_or_maturity_like_ticker
PK03TB171122,2022-09-06,2022-09-14,government_security,ticker_heuristic,low,ticker_regex:government_security,3610,0,0.0,0,2,classification_rule_conflict|short_interval_or_maturity_like_ticker
PK03TB200423,2023-04-05,2023-04-06,government_security,ticker_heuristic,low,ticker_regex:government_security,3610,0,0.0,0,2,classification_rule_conflict|short_interval_or_maturity_like_ticker
PK03TB200521,2021-03-11,2021-03-11,government_security,ticker_heuristic,low,ticker_regex:government_security,3610,0,0.0,0,2,classification_rule_conflict|short_interval_or_maturity_like_ticker
PK03TB210422,2022-02-28,2022-02-28,government_security,ticker_heuristic,low,ticker_regex:government_security,3610,0,0.0,0,2,classification_rule_conflict|short_interval_or_maturity_like_ticker
PK03TB230223,2022-12-14,2022-12-14,government_security,ticker_heuristic,low,ticker_regex:government_security,3610,0,0.0,0,2,classification_rule_conflict|short_interval_or_maturity_like_ticker
PK03TB240222,2021-12-09,2022-01-06,government_security,ticker_heuristic,low,ticker_regex:government_security,3610,0,0.0,0,2,classification_rule_conflict|short_interval_or_maturity_like_ticker
PK03TB260123,2022-11-04,2022-11-04,government_security,ticker_heuristic,low,ticker_regex:government_security,3610,0,0.0,0,2,classification_rule_conflict|short_interval_or_maturity_like_ticker
PK03TB260821,2021-06-09,2021-06-09,government_security,ticker_heuristic,low,ticker_regex:government_security,3610,0,0.0,0,2,classification_rule_conflict|short_interval_or_maturity_like_ticker
PK03TB280422,2022-02-18,2022-02-18,government_security,ticker_heuristic,low,ticker_regex:government_security,3610,0,0.0,0,2,classification_rule_conflict|short_interval_or_maturity_like_ticker
PK03TB280722,2022-05-11,2022-06-15,government_security,ticker_heuristic,low,ticker_regex:government_security,3610,0,0.0,0,2,classification_rule_conflict|short_interval_or_maturity_like_ticker
PK06TB021221,2021-11-24,2021-11-24,government_security,ticker_heuristic,low,ticker_regex:government_security,3610,0,0.0,0,2,classification_rule_conflict|short_interval_or_maturity_like_ticker
PK06TB031122,2022-05-12,2022-05-12,government_security,ticker_heuristic,low,ticker_regex:government_security,3610,0,0.0,0,2,classification_rule_conflict|short_interval_or_maturity_like_ticker
PK06TB100322,2021-10-20,2021-10-20,government_security,ticker_heuristic,low,ticker_regex:government_security,3610,0,0.0,0,2,classification_rule_conflict|short_interval_or_maturity_like_ticker
PK06TB181121,2021-10-12,2021-10-12,government_security,ticker_heuristic,low,ticker_regex:government_security,3610,0,0.0,0,2,classification_rule_conflict|short_interval_or_maturity_like_ticker
PK06TB301221,2021-07-16,2021-07-16,government_security,ticker_heuristic,low,ticker_regex:government_security,3610,0,0.0,0,2,classification_rule_conflict|short_interval_or_maturity_like_ticker
PK12TB020622,2021-06-07,2021-06-07,government_security,ticker_heuristic,low,ticker_regex:government_security,3610,0,0.0,0,2,classification_rule_conflict|short_interval_or_maturity_like_ticker
PK12TB160622,2021-07-23,2021-07-23,government_security,ticker_heuristic,low,ticker_regex:government_security,3610,0,0.0,0,2,classification_rule_conflict|short_interval_or_maturity_like_ticker
PK12TB161123,2022-12-06,2022-12-06,government_security,ticker_heuristic,low,ticker_regex:government_security,3610,0,0.0,0,2,classification_rule_conflict|short_interval_or_maturity_like_ticker
PKGIR,2024-05-27,2024-06-07,right_or_entitlement,ticker_heuristic,low,ticker_regex:right_or_entitlement,0812,0,0.0,1,2,classification_rule_conflict|extreme_c4_target|short_interval_or_maturity_like_ticker
PNSC,2020-01-01,2026-07-10,debt_security,ticker_heuristic,low,ticker_regex:debt_security,0833,1312,0.00819098269130583,0,2,classification_rule_conflict|special_security_entered_pit_universe
POWER,2020-01-01,2026-07-10,right_or_entitlement,ticker_heuristic,low,ticker_regex:right_or_entitlement,0804,1525,0.005346318566916263,0,2,classification_rule_conflict
POWERPS,2020-09-21,2026-07-10,preference_share,ticker_heuristic,low,sector_prefix:08+preference_suffix,0804,0,0.0,1,2,classification_rule_conflict|extreme_c4_target
POWERR1,2020-08-10,2020-09-01,right_or_entitlement,ticker_heuristic,low,ticker_regex:right_or_entitlement,0804,0,0.0,6,2,classification_rule_conflict|extreme_c4_target
PRLR1,2020-06-08,2020-06-30,right_or_entitlement,ticker_heuristic,low,ticker_regex:right_or_entitlement,0825,0,0.0,8,2,classification_rule_conflict|extreme_c4_target
SAZEWR,2020-03-12,2020-04-03,right_or_entitlement,ticker_heuristic,low,ticker_regex:right_or_entitlement,0801,0,0.0,0,2,classification_rule_conflict
SBLTFC,2021-10-15,2025-12-30,debt_security,observed_sector_rule,low,sector_exact:36,36,0,0.0,0,2,classification_rule_conflict
SEARLR1,2020-12-01,2020-12-22,right_or_entitlement,ticker_heuristic,low,ticker_regex:right_or_entitlement,0823,0,0.0,0,2,classification_rule_conflict
SEARLR2,2023-08-31,2023-09-21,right_or_entitlement,ticker_heuristic,low,ticker_regex:right_or_entitlement,0823,0,0.0,6,2,classification_rule_conflict|extreme_c4_target
SERFR,2021-08-25,2021-09-16,right_or_entitlement,ticker_heuristic,low,ticker_regex:right_or_entitlement,0831,0,0.0,2,2,classification_rule_conflict|extreme_c4_target
SHDTR1,2026-03-12,2026-03-25,right_or_entitlement,ticker_heuristic,low,ticker_regex:right_or_entitlement,0830,0,0.0,0,2,classification_rule_conflict|short_interval_or_maturity_like_ticker
SHELR,2021-01-19,2021-02-10,right_or_entitlement,ticker_heuristic,low,ticker_regex:right_or_entitlement,0821,0,0.0,0,2,classification_rule_conflict
SNAIR,2021-04-06,2021-04-28,right_or_entitlement,ticker_heuristic,low,ticker_regex:right_or_entitlement,0830,0,0.0,12,2,classification_rule_conflict|extreme_c4_target
SNBLTFC2,2020-01-14,2022-02-17,debt_security,observed_sector_rule,low,sector_exact:36,36,0,0.0,0,2,classification_rule_conflict
SNBLTFC3,2020-04-10,2024-08-21,debt_security,observed_sector_rule,low,sector_exact:36,36,0,0.0,0,2,classification_rule_conflict
SNBLTFC4,2023-06-15,2025-05-21,debt_security,observed_sector_rule,low,sector_exact:36,36,0,0.0,0,2,classification_rule_conflict
SPELR,2020-11-05,2020-11-27,right_or_entitlement,ticker_heuristic,low,ticker_regex:right_or_entitlement,0818,0,0.0,0,2,classification_rule_conflict
SRR,2026-01-29,2026-07-10,REIT,observed_sector_rule,low,sector_exact:0836,0836,22,0.0,0,2,classification_rule_conflict
STYLERSR,2024-07-11,2024-08-02,right_or_entitlement,ticker_heuristic,low,ticker_regex:right_or_entitlement,0829,0,0.0,5,2,classification_rule_conflict|extreme_c4_target
TCORPCPS,2022-08-31,2026-07-10,preference_share,ticker_heuristic,low,sector_prefix:08+preference_suffix,0826,0,0.0,2,2,classification_rule_conflict|extreme_c4_target
TCORPR1,2024-02-23,2024-03-15,right_or_entitlement,ticker_heuristic,low,ticker_regex:right_or_entitlement,0826,0,0.0,1,2,classification_rule_conflict|extreme_c4_target
TCORPR2,2026-07-03,2026-07-10,right_or_entitlement,ticker_heuristic,low,ticker_regex:right_or_entitlement,0826,0,0.0,0,2,classification_rule_conflict|short_interval_or_maturity_like_ticker
TELETFC,2020-10-23,2020-10-28,debt_security,observed_sector_rule,low,sector_exact:36,36,0,0.0,0,2,classification_rule_conflict|short_interval_or_maturity_like_ticker
TOMCLR,2025-02-12,2025-03-06,right_or_entitlement,ticker_heuristic,low,ticker_regex:right_or_entitlement,0810,0,0.0,0,2,classification_rule_conflict
TPLPTFC2,2024-06-03,2024-06-03,debt_security,observed_sector_rule,low,sector_exact:36,36,0,0.0,0,2,classification_rule_conflict|short_interval_or_maturity_like_ticker
TPLRF1,2024-05-20,2026-07-10,REIT,observed_sector_rule,low,sector_exact:0836,0836,142,6.414857614460596e-05,0,2,classification_rule_conflict
TPLSC,2022-12-14,2025-09-09,debt_security,observed_sector_rule,low,sector_exact:36,36,0,0.0,0,2,classification_rule_conflict
TPLTFC3,2022-12-14,2024-10-15,debt_security,observed_sector_rule,low,sector_exact:36,36,0,0.0,0,2,classification_rule_conflict
TREETR2,2023-11-24,2023-12-15,right_or_entitlement,ticker_heuristic,low,ticker_regex:right_or_entitlement,0810,0,0.0,0,2,classification_rule_conflict
TSBLR1,2026-02-19,2026-03-05,right_or_entitlement,ticker_heuristic,low,ticker_regex:right_or_entitlement,0813,0,0.0,0,2,classification_rule_conflict|short_interval_or_maturity_like_ticker
UBLPETF,2021-07-28,2026-07-10,ETF,observed_sector_rule,low,sector_exact:0837,0837,201,0.0001204905206570268,0,2,classification_rule_conflict
UBLTFC5,2020-01-10,2026-05-06,debt_security,observed_sector_rule,low,sector_exact:36,36,0,0.0,0,2,classification_rule_conflict
UNITYR2,2020-08-10,2020-09-01,right_or_entitlement,ticker_heuristic,low,ticker_regex:right_or_entitlement,0834,0,0.0,0,2,classification_rule_conflict
UNITYR3,2021-12-23,2022-01-14,right_or_entitlement,ticker_heuristic,low,ticker_regex:right_or_entitlement,0810,0,0.0,9,2,classification_rule_conflict|extreme_c4_target
WASLR,2026-03-05,2026-03-19,right_or_entitlement,ticker_heuristic,low,ticker_regex:right_or_entitlement,0819,0,0.0,0,2,classification_rule_conflict|short_interval_or_maturity_like_ticker
WAVESR1,2021-05-06,2021-05-28,right_or_entitlement,ticker_heuristic,low,ticker_regex:right_or_entitlement,0803,0,0.0,0,2,classification_rule_conflict
AATM,2024-05-30,2026-07-10,ordinary_equity,sector_prefix_inference,low,sector_prefix:08,0830,67,0.001239882070272082,88,4,extreme_c4_target
ACPL,2020-01-01,2026-07-10,ordinary_equity,sector_prefix_inference,low,sector_prefix:08,0804,1531,0.007452674272813466,3,4,extreme_c4_target
ADOS,2020-01-01,2023-01-02,ordinary_equity,sector_prefix_inference,low,sector_prefix:08,0808,0,0.0,3,4,extreme_c4_target
AEL,2020-01-03,2022-06-24,ordinary_equity,sector_prefix_inference,low,sector_prefix:08,0824,0,0.0,15,4,extreme_c4_target|multiple_classification_intervals|unusual_prefix_inferred_equity
AGHA,2020-11-02,2026-07-10,ordinary_equity,sector_prefix_inference,low,sector_prefix:08,0808,1368,0.006603681308811335,2,4,extreme_c4_target
AGSML,2020-01-01,2026-07-10,ordinary_equity,sector_prefix_inference,low,sector_prefix:08,0826,413,0.0007728767348461343,32,4,extreme_c4_target
AHL,2020-01-01,2026-07-10,ordinary_equity,sector_prefix_inference,low,sector_prefix:08,0813,1245,0.009259121791527046,16,4,extreme_c4_target
AKDCL,2020-01-03,2021-07-08,ordinary_equity,sector_prefix_inference,low,sector_prefix:08,0818,88,0.0,31,4,extreme_c4_target
AKDHL,2021-07-09,2026-07-10,ordinary_equity,sector_prefix_inference,low,sector_prefix:08,0818,8,0.0,5,4,extreme_c4_target
ALAC,2020-01-01,2026-07-10,ordinary_equity,sector_prefix_inference,low,sector_prefix:08,0812,233,0.0024140130441764177,11,4,extreme_c4_target
ALTN,2020-01-01,2026-07-10,ordinary_equity,sector_prefix_inference,low,sector_prefix:08,0824,649,0.004517442980650218,1,4,extreme_c4_target
AMBL,2020-02-25,2026-07-10,ordinary_equity,sector_prefix_inference,low,sector_prefix:08,0813,0,0.0,4,4,extreme_c4_target
AMTEX,2020-01-01,2026-07-10,ordinary_equity,sector_prefix_inference,low,sector_prefix:08,0830,409,0.00352553001830286,1,4,extreme_c4_target
ANSM,2020-01-01,2026-07-10,ordinary_equity,sector_prefix_inference,low,sector_prefix:08,0826,17,0.0,13,4,extreme_c4_target
ANTM,2020-01-09,2026-07-10,ordinary_equity,sector_prefix_inference,low,sector_prefix:08,0829,0,0.0,13,4,extreme_c4_target
ARCTM,2022-05-26,2026-07-10,ordinary_equity,sector_prefix_inference,low,sector_prefix:08,0830,4,0.0,12,4,extreme_c4_target
ARPAK,2020-01-13,2026-07-10,ordinary_equity,sector_prefix_inference,low,sector_prefix:08,0818,0,0.0,1,4,extreme_c4_target
ARUJ,2020-01-09,2026-07-10,ordinary_equity,sector_prefix_inference,low,sector_prefix:08,0829,23,0.000576672139375136,31,4,extreme_c4_target
ASHT,2020-01-06,2026-07-10,ordinary_equity,sector_prefix_inference,low,sector_prefix:08,0831,0,0.0,25,4,extreme_c4_target
ASTL,2020-01-01,2026-07-10,ordinary_equity,sector_prefix_inference,low,sector_prefix:08,0808,1576,0.004941273571425348,1,4,extreme_c4_target
ASTM,2020-01-01,2026-07-10,ordinary_equity,sector_prefix_inference,low,sector_prefix:08,0830,32,0.000605536116050907,24,4,extreme_c4_target
ATBA,2020-01-01,2026-07-10,ordinary_equity,sector_prefix_inference,low,sector_prefix:08,0802,1516,0.005547704884507082,2,4,extreme_c4_target
AWTX,2021-08-10,2026-07-02,ordinary_equity,sector_prefix_inference,low,sector_prefix:08,0830,0,0.0,2,4,extreme_c4_target
BAFS,2020-01-02,2026-07-10,ordinary_equity,sector_prefix_inference,low,sector_prefix:08,0826,0,0.0,33,4,extreme_c4_target
BAPL,2020-01-01,2026-07-10,ordinary_equity,sector_prefix_inference,low,sector_prefix:08,0805,296,0.004286128679878722,16,4,extreme_c4_target
BCL,2020-01-01,2026-07-10,ordinary_equity,sector_prefix_inference,low,sector_prefix:08,0808,793,0.006927272490848271,12,4,extreme_c4_target
BECO,2021-08-04,2021-09-24,ordinary_equity,sector_prefix_inference,low,sector_prefix:08,0830,346,0.013438570232846739,36,4,extreme_c4_target|multiple_classification_intervals|unusual_prefix_inferred_equity
BELA,2023-11-22,2026-07-10,ordinary_equity,sector_prefix_inference,low,sector_prefix:08,0802,0,0.0,29,4,extreme_c4_target
BERG,2020-01-01,2026-07-10,ordinary_equity,sector_prefix_inference,low,sector_prefix:08,0805,1233,0.0032658517478441904,1,4,extreme_c4_target
BFBIO,2024-10-21,2026-07-10,ordinary_equity,sector_prefix_inference,low,sector_prefix:08,0823,390,0.0020134620936175826,13,4,extreme_c4_target
BFMOD,2020-01-09,2026-07-10,ordinary_equity,sector_prefix_inference,low,sector_prefix:08,0819,112,0.0007498396091206385,10,4,extreme_c4_target
BGL,2020-01-01,2026-07-10,ordinary_equity,sector_prefix_inference,low,sector_prefix:08,0811,1494,0.00670984279227349,1,4,extreme_c4_target
BILF,2020-01-01,2025-10-23,ordinary_equity,sector_prefix_inference,low,sector_prefix:08,0830,240,0.0077302857628014105,108,4,extreme_c4_target
BIPL,2020-01-01,2026-07-10,ordinary_equity,sector_prefix_inference,low,sector_prefix:08,0807,1523,0.007424182881472076,1,4,extreme_c4_target
BIPLS,2020-01-02,2022-08-01,ordinary_equity,sector_prefix_inference,low,sector_prefix:08,0813,0,0.0,3,4,extreme_c4_target
BNWM,2020-01-02,2026-07-10,ordinary_equity,sector_prefix_inference,low,sector_prefix:08,0835,228,0.002038726019043236,17,4,extreme_c4_target
BPBL,2020-01-01,2020-08-26,ordinary_equity,sector_prefix_inference,low,sector_prefix:08,0822,0,0.0,9,4,extreme_c4_target
BPL,2020-01-01,2026-07-10,ordinary_equity,sector_prefix_inference,low,sector_prefix:08,0821,56,0.00012900291189327776,3,4,extreme_c4_target
BUXL,2020-01-01,2026-07-10,ordinary_equity,sector_prefix_inference,low,sector_prefix:08,0805,231,0.0003204069178185703,51,4,extreme_c4_target
BWHL,2020-01-07,2026-07-10,ordinary_equity,sector_prefix_inference,low,sector_prefix:08,0802,367,0.0009831212876672977,10,4,extreme_c4_target
CASH,2021-06-30,2021-07-02,ordinary_equity,sector_prefix_inference,low,sector_prefix:08,0815,0,0.0,1,4,extreme_c4_target|multiple_classification_intervals|unusual_prefix_inferred_equity
CFL,2020-01-01,2026-07-10,ordinary_equity,sector_prefix_inference,low,sector_prefix:08,0830,0,0.0,3,4,extreme_c4_target
CHBL,2024-06-03,2026-07-10,ordinary_equity,sector_prefix_inference,low,sector_prefix:08,0829,419,0.006818798903513924,38,4,extreme_c4_target
CHCC,2020-01-01,2026-07-10,ordinary_equity,sector_prefix_inference,low,sector_prefix:08,0804,1576,0.0038503675181873888,3,4,extreme_c4_target
CLOUD,2024-07-29,2024-10-10,ordinary_equity,sector_prefix_inference,low,sector_prefix:08,0830,13,0.00027524849940262344,12,4,extreme_c4_target
CLOV,2020-01-01,2026-07-10,ordinary_equity,sector_prefix_inference,low,sector_prefix:08,0810,1088,0.004563323017392541,1,4,extreme_c4_target
CLVL,2021-09-06,2021-11-19,ordinary_equity,sector_prefix_inference,low,sector_prefix:08,0829,0,0.0,37,4,extreme_c4_target|multiple_classification_intervals|unusual_prefix_inferred_equity
CNERGY,2021-12-21,2026-07-10,ordinary_equity,sector_prefix_inference,low,sector_prefix:08,0825,1088,0.007165294829306615,1,4,extreme_c4_target
CSAP,2020-01-01,2026-07-10,ordinary_equity,sector_prefix_inference,low,sector_prefix:08,0808,1317,0.008700804320784798,2,4,extreme_c4_target
CSIL,2020-01-01,2026-07-10,ordinary_equity,sector_prefix_inference,low,sector_prefix:08,0812,662,0.009900394806466671,17,4,extreme_c4_target
CTM,2020-01-01,2026-07-10,ordinary_equity,sector_prefix_inference,low,sector_prefix:08,0830,432,0.0033117630587562435,11,4,extreme_c4_target
DAAG,2020-01-01,2026-07-10,ordinary_equity,sector_prefix_inference,low,sector_prefix:08,0805,84,0.0011409401681560195,105,4,extreme_c4_target
DADX,2020-01-02,2026-07-10,ordinary_equity,sector_prefix_inference,low,sector_prefix:08,0808,0,0.0,7,4,extreme_c4_target
DATM,2023-01-25,2023-05-12,ordinary_equity,sector_prefix_inference,low,sector_prefix:08,0830,0,0.0,8,4,extreme_c4_target
DBCI,2024-06-03,2026-07-10,ordinary_equity,sector_prefix_inference,low,sector_prefix:08,0804,227,0.0014918587204981568,9,4,extreme_c4_target
DEL,2020-01-01,2026-07-10,ordinary_equity,sector_prefix_inference,low,sector_prefix:08,0813,317,0.0019213265012033927,45,4,extreme_c4_target
DFML,2020-01-01,2026-07-10,ordinary_equity,sector_prefix_inference,low,sector_prefix:08,0801,1299,0.010473419156086655,44,4,extreme_c4_target
DFSM,2020-01-01,2026-07-10,ordinary_equity,sector_prefix_inference,low,sector_prefix:08,0830,452,0.003116189404914425,19,4,extreme_c4_target
DIIL,2022-07-05,2026-07-10,ordinary_equity,sector_prefix_inference,low,sector_prefix:08,0818,0,0.0,4,4,extreme_c4_target
DINT,2020-01-01,2026-07-10,ordinary_equity,sector_prefix_inference,low,sector_prefix:08,0830,0,0.0,9,4,extreme_c4_target
DKL,2020-01-01,2022-01-11,ordinary_equity,sector_prefix_inference,low,sector_prefix:08,0808,0,0.0,20,4,extreme_c4_target
DMC,2025-06-30,2026-07-10,ordinary_equity,sector_prefix_inference,low,sector_prefix:08,0830,0,0.0,37,4,extreme_c4_target
DMTM,2024-06-03,2025-11-14,ordinary_equity,sector_prefix_inference,low,sector_prefix:08,0830,0,0.0,24,4,extreme_c4_target
DNCC,2020-01-03,2026-07-10,ordinary_equity,sector_prefix_inference,low,sector_prefix:08,0804,182,0.00027458407915984873,2,4,extreme_c4_target
DSIL,2020-01-01,2026-07-10,ordinary_equity,sector_prefix_inference,low,sector_prefix:08,0830,702,0.011173757909500783,22,4,extreme_c4_target
DSML,2020-01-14,2024-12-27,ordinary_equity,sector_prefix_inference,low,sector_prefix:08,0830,0,0.0,7,4,extreme_c4_target
DWAE,2024-06-03,2026-07-10,ordinary_equity,sector_prefix_inference,low,sector_prefix:08,0802,66,0.002368996131444158,83,4,extreme_c4_target
DWSM,2020-01-01,2026-07-10,ordinary_equity,sector_prefix_inference,low,sector_prefix:08,0826,136,0.0006797738513710904,9,4,extreme_c4_target
DWTM,2020-01-09,2026-07-10,ordinary_equity,sector_prefix_inference,low,sector_prefix:08,0830,0,0.0,21,4,extreme_c4_target
ECOP,2020-01-01,2026-07-10,ordinary_equity,sector_prefix_inference,low,sector_prefix:08,0818,647,0.0028049292181847674,26,4,extreme_c4_target
EFGH,2020-01-02,2024-11-22,ordinary_equity,sector_prefix_inference,low,sector_prefix:08,0813,98,3.797937040857333e-05,10,4,extreme_c4_target
ELCM,2020-01-01,2026-07-10,ordinary_equity,sector_prefix_inference,low,sector_prefix:08,0830,0,0.0,3,4,extreme_c4_target
EMCO,2020-01-16,2026-07-10,ordinary_equity,sector_prefix_inference,low,sector_prefix:08,0803,235,0.0015050866250454012,11,4,extreme_c4_target
ESBL,2020-01-01,2026-07-10,ordinary_equity,sector_prefix_inference,low,sector_prefix:08,0813,283,0.001509020989631175,27,4,extreme_c4_target
EXIDE,2020-01-01,2026-07-10,ordinary_equity,sector_prefix_inference,low,sector_prefix:08,0802,985,0.005764556215129554,9,4,extreme_c4_target
FANM,2020-01-10,2026-07-10,ordinary_equity,sector_prefix_inference,low,sector_prefix:08,0819,31,0.00025347559511683035,3,4,extreme_c4_target
FCEL,2024-06-03,2026-07-10,ordinary_equity,sector_prefix_inference,low,sector_prefix:08,0813,113,0.000656268437720224,2,4,extreme_c4_target
FCIBL,2020-01-09,2026-07-10,ordinary_equity,sector_prefix_inference,low,sector_prefix:08,0813,27,0.0,81,4,extreme_c4_target
FDIBL,2020-01-01,2024-03-22,ordinary_equity,sector_prefix_inference,low,sector_prefix:08,0813,97,0.0,4,4,extreme_c4_target
FDPL,2024-03-25,2026-07-10,ordinary_equity,sector_prefix_inference,low,sector_prefix:08,0813,295,0.0019182617746940165,7,4,extreme_c4_target
FECM,2020-01-01,2026-07-10,ordinary_equity,sector_prefix_inference,low,sector_prefix:08,0819,0,0.0,50,4,extreme_c4_target
FECTC,2020-01-01,2026-07-10,ordinary_equity,sector_prefix_inference,low,sector_prefix:08,0804,693,0.011575908811107078,21,4,extreme_c4_target
FEM,2020-01-01,2026-07-10,ordinary_equity,sector_prefix_inference,low,sector_prefix:08,0819,77,0.002087391638852664,6,4,extreme_c4_target
FFLM,2020-01-02,2026-07-10,ordinary_equity,sector_prefix_inference,low,sector_prefix:08,0819,73,0.00025014840948011285,29,4,extreme_c4_target
FHAM,2020-01-01,2026-07-10,ordinary_equity,sector_prefix_inference,low,sector_prefix:08,0819,64,0.0001930603281586117,9,4,extreme_c4_target
FIBLM,2020-01-17,2026-07-10,ordinary_equity,sector_prefix_inference,low,sector_prefix:08,0819,26,0.0,16,4,extreme_c4_target
FIL,2024-06-05,2026-07-10,ordinary_equity,sector_prefix_inference,low,sector_prefix:08,0816,0,0.0,9,4,extreme_c4_target
FIMM,2020-08-03,2026-07-09,ordinary_equity,sector_prefix_inference,low,sector_prefix:08,0819,0,0.0,1,4,extreme_c4_target
FLYNG,2020-01-01,2026-07-10,ordinary_equity,sector_prefix_inference,low,sector_prefix:08,0804,1507,0.011632821187549852,5,4,extreme_c4_target
FNBM,2020-01-02,2020-12-03,ordinary_equity,sector_prefix_inference,low,sector_prefix:08,0819,0,0.0,1,4,extreme_c4_target
FNEL,2020-01-01,2026-07-10,ordinary_equity,sector_prefix_inference,low,sector_prefix:08,0813,1282,0.01472607797156979,43,4,extreme_c4_target
FPJM,2020-01-02,2026-07-10,ordinary_equity,sector_prefix_inference,low,sector_prefix:08,0819,95,0.002952183661669381,10,4,extreme_c4_target
FPRM,2020-01-02,2026-07-10,ordinary_equity,sector_prefix_inference,low,sector_prefix:08,0819,0,0.0,5,4,extreme_c4_target
FRCL,2020-01-01,2026-07-10,ordinary_equity,sector_prefix_inference,low,sector_prefix:08,0811,26,0.00013515536087558224,22,4,extreme_c4_target
FSWL,2024-06-05,2026-07-10,ordinary_equity,sector_prefix_inference,low,sector_prefix:08,0829,0,0.0,1,4,extreme_c4_target
FTMM,2020-01-01,2026-07-10,ordinary_equity,sector_prefix_inference,low,sector_prefix:08,0819,3,3.3645559653231344e-05,47,4,extreme_c4_target
FTSM,2020-01-28,2026-07-10,ordinary_equity,sector_prefix_inference,low,sector_prefix:08,0819,3,0.0,33,4,extreme_c4_target
FZCM,2020-01-07,2021-04-09,ordinary_equity,sector_prefix_inference,low,sector_prefix:08,0830,51,0.0002547588536061218,16,4,extreme_c4_target|multiple_classification_intervals|unusual_prefix_inferred_equity
GADT,2020-01-01,2026-07-10,ordinary_equity,sector_prefix_inference,low,sector_prefix:08,0830,663,0.0035205896259124254,1,4,extreme_c4_target
GAL,2023-05-18,2026-07-10,ordinary_equity,sector_prefix_inference,low,sector_prefix:08,0801,739,0.013195673519952588,2,4,extreme_c4_target
GAMON,2020-01-01,2026-07-10,ordinary_equity,sector_prefix_inference,low,sector_prefix:08,0818,180,0.004200523326525406,66,4,extreme_c4_target
GATI,2020-01-06,2026-07-10,ordinary_equity,sector_prefix_inference,low,sector_prefix:08,0827,248,0.0006009139075772899,3,4,extreme_c4_target
GCWL,2025-04-24,2026-07-10,ordinary_equity,sector_prefix_inference,low,sector_prefix:08,0805,263,0.00209586366270744,3,4,extreme_c4_target
GEMBLUEX,2024-01-25,2025-12-26,ordinary_equity,sector_prefix_inference,low,sector_prefix:08,0833,0,0.0,26,4,extreme_c4_target|unusual_prefix_inferred_equity
GEMNETS,2025-05-26,2026-07-02,ordinary_equity,sector_prefix_inference,low,sector_prefix:08,0828,0,0.0,20,4,extreme_c4_target
GEMSPNL,2022-04-28,2026-03-19,ordinary_equity,sector_prefix_inference,low,sector_prefix:08,0828,184,0.0022965716155803674,4,4,extreme_c4_target
GHNI,2020-01-01,2026-07-10,ordinary_equity,sector_prefix_inference,low,sector_prefix:08,0801,1576,0.009913205688975975,6,4,extreme_c4_target
GLPL,2020-01-02,2026-05-18,ordinary_equity,sector_prefix_inference,low,sector_prefix:08,0810,113,0.0009951216772555768,36,4,extreme_c4_target
GOC,2020-01-01,2026-07-10,ordinary_equity,sector_prefix_inference,low,sector_prefix:08,0818,0,0.0,5,4,extreme_c4_target
GRYL,2020-01-01,2026-07-10,ordinary_equity,sector_prefix_inference,low,sector_prefix:08,0815,52,0.0020586624262505706,56,4,extreme_c4_target
GSPM,2024-05-30,2026-07-10,ordinary_equity,sector_prefix_inference,low,sector_prefix:08,0830,0,0.0,14,4,extreme_c4_target
GTECH,2021-11-22,2021-12-17,ordinary_equity,sector_prefix_inference,low,sector_prefix:08,0831,198,0.0,1,4,extreme_c4_target|multiple_classification_intervals|unusual_prefix_inferred_equity
GUSM,2024-05-30,2026-07-10,ordinary_equity,sector_prefix_inference,low,sector_prefix:08,0830,0,0.0,64,4,extreme_c4_target
GVGL,2020-01-01,2026-07-10,ordinary_equity,sector_prefix_inference,low,sector_prefix:08,0811,356,0.0005847272225457566,1,4,extreme_c4_target
HABSM,2020-01-01,2026-07-10,ordinary_equity,sector_prefix_inference,low,sector_prefix:08,0826,366,0.0004891222855550623,1,4,extreme_c4_target
HAEL,2020-01-01,2026-07-10,ordinary_equity,sector_prefix_inference,low,sector_prefix:08,0829,59,0.000494454356377062,37,4,extreme_c4_target
HAFL,2020-06-11,2026-07-10,ordinary_equity,sector_prefix_inference,low,sector_prefix:08,0829,0,0.0,2,4,extreme_c4_target
HASCOL,2020-01-01,2026-07-10,ordinary_equity,sector_prefix_inference,low,sector_prefix:08,0821,1576,0.01141396522110902,15,4,extreme_c4_target
HCL,2020-06-22,2025-01-15,ordinary_equity,sector_prefix_inference,low,sector_prefix:08,0828,0,0.0,17,4,extreme_c4_target
HGFA,2020-01-01,2026-07-10,ordinary_equity,sector_prefix_inference,low,sector_prefix:08,0806,177,0.0009141903994660814,1,4,extreme_c4_target
HICL,2020-01-01,2026-07-10,ordinary_equity,sector_prefix_inference,low,sector_prefix:08,0812,156,0.006018230824848487,18,4,extreme_c4_target
HIFA,2020-01-01,2026-07-10,ordinary_equity,sector_prefix_inference,low,sector_prefix:08,0806,236,0.0018884347414718891,22,4,extreme_c4_target
HINO,2020-01-01,2026-07-10,ordinary_equity,sector_prefix_inference,low,sector_prefix:08,0801,576,0.0019001437138362997,1,4,extreme_c4_target
HIRAT,2020-01-01,2026-07-10,ordinary_equity,sector_prefix_inference,low,sector_prefix:08,0830,426,0.004895037632091432,17,4,extreme_c4_target
HUMNL,2020-01-01,2026-07-10,ordinary_equity,sector_prefix_inference,low,sector_prefix:08,0828,1518,0.006432875114120782,58,4,extreme_c4_target
HUSI,2021-08-05,2023-12-08,ordinary_equity,sector_prefix_inference,low,sector_prefix:08,0829,0,0.0,24,4,extreme_c4_target|multiple_classification_intervals|unusual_prefix_inferred_equity
HWQS,2020-01-01,2026-07-10,ordinary_equity,sector_prefix_inference,low,sector_prefix:08,0826,176,0.0033769104396473106,45,4,extreme_c4_target
IBLHL,2020-01-01,2026-07-10,ordinary_equity,sector_prefix_inference,low,sector_prefix:08,0823,1095,0.006837624467316016,3,4,extreme_c4_target
ICCI,2024-06-03,2026-07-10,ordinary_equity,sector_prefix_inference,low,sector_prefix:08,0831,0,0.0,9,4,extreme_c4_target
ICIBL,2020-01-01,2026-07-10,ordinary_equity,sector_prefix_inference,low,sector_prefix:08,0813,421,0.0020546572379274795,88,4,extreme_c4_target
IDRT,2020-01-08,2026-07-10,ordinary_equity,sector_prefix_inference,low,sector_prefix:08,0830,29,0.0,7,4,extreme_c4_target
IDSM,2020-01-15,2026-07-10,ordinary_equity,sector_prefix_inference,low,sector_prefix:08,0830,0,0.0,6,4,extreme_c4_target
IDYM,2020-01-01,2026-07-10,ordinary_equity,sector_prefix_inference,low,sector_prefix:08,0830,580,0.0016474613039012891,2,4,extreme_c4_target
IGIHL,2020-01-01,2026-07-10,ordinary_equity,sector_prefix_inference,low,sector_prefix:08,0812,1179,0.0069807021356299275,1,4,extreme_c4_target
IGIL,2020-01-01,2026-07-10,ordinary_equity,sector_prefix_inference,low,sector_prefix:08,0812,7,0.0,2,4,extreme_c4_target
IMAGE,2021-04-06,2026-05-08,ordinary_equity,sector_prefix_inference,low,sector_prefix:08,0827,1261,0.007620355423162723,1,4,extreme_c4_target|multiple_classification_intervals|unusual_prefix_inferred_equity
IML,2020-11-18,2021-02-12,ordinary_equity,sector_prefix_inference,low,sector_prefix:08,0826,96,0.00010273490355319527,3,4,extreme_c4_target|multiple_classification_intervals|unusual_prefix_inferred_equity
IMS,2024-11-25,2026-07-10,ordinary_equity,sector_prefix_inference,low,sector_prefix:08,0813,365,0.009946530513649764,13,4,extreme_c4_target
INKL,2020-01-02,2026-05-07,ordinary_equity,sector_prefix_inference,low,sector_prefix:08,0829,82,0.0031611403971248076,10,4,extreme_c4_target|multiple_classification_intervals|unusual_prefix_inferred_equity
JATM,2020-01-01,2026-07-10,ordinary_equity,sector_prefix_inference,low,sector_prefix:08,0830,168,0.002121623580619274,11,4,extreme_c4_target
JDMT,2020-01-01,2026-07-10,ordinary_equity,sector_prefix_inference,low,sector_prefix:08,0830,275,0.003156089368902776,3,4,extreme_c4_target
JKSM,2020-01-13,2026-07-10,ordinary_equity,sector_prefix_inference,low,sector_prefix:08,0830,0,0.0,16,4,extreme_c4_target
JLICL,2020-01-01,2026-07-10,ordinary_equity,sector_prefix_inference,low,sector_prefix:08,0812,561,0.0010069956333974266,1,4,extreme_c4_target
JOPP,2020-01-02,2024-04-16,ordinary_equity,sector_prefix_inference,low,sector_prefix:08,0803,0,0.0,5,4,extreme_c4_target
JSBL,2020-01-01,2026-07-10,ordinary_equity,sector_prefix_inference,low,sector_prefix:08,0807,983,0.006515787608391662,1,4,extreme_c4_target
JSCL,2020-01-01,2026-07-10,ordinary_equity,sector_prefix_inference,low,sector_prefix:08,0813,1562,0.005220136733311281,2,4,extreme_c4_target
JSGCL,2020-01-01,2026-07-10,ordinary_equity,sector_prefix_inference,low,sector_prefix:08,0813,0,0.0,21,4,extreme_c4_target
JSML,2020-01-01,2026-07-10,ordinary_equity,sector_prefix_inference,low,sector_prefix:08,0826,329,0.0026926175880752005,2,4,extreme_c4_target
JUBS,2020-01-01,2026-07-10,ordinary_equity,sector_prefix_inference,low,sector_prefix:08,0829,42,0.0,61,4,extreme_c4_target
KASBM,2020-01-01,2023-05-05,ordinary_equity,sector_prefix_inference,low,sector_prefix:08,0819,0,0.0,12,4,extreme_c4_target
KCL,2020-01-03,2026-07-10,ordinary_equity,sector_prefix_inference,low,sector_prefix:08,0811,0,0.0,29,4,extreme_c4_target
KEL,2020-01-01,2026-07-10,ordinary_equity,sector_prefix_inference,low,sector_prefix:08,0824,1576,0.010232851984424605,1,4,extreme_c4_target
KHSM,2020-01-01,2022-05-25,ordinary_equity,sector_prefix_inference,low,sector_prefix:08,0830,0,0.0,11,4,extreme_c4_target
KHTC,2020-01-01,2026-07-10,ordinary_equity,sector_prefix_inference,low,sector_prefix:08,0832,705,0.003102780102438873,5,4,extreme_c4_target
KHYT,2020-07-02,2026-07-10,ordinary_equity,sector_prefix_inference,low,sector_prefix:08,0829,0,0.0,56,4,extreme_c4_target
KML,2020-01-02,2026-07-10,ordinary_equity,sector_prefix_inference,low,sector_prefix:08,0829,218,0.002503402840080591,7,4,extreme_c4_target
KOHP,2020-01-01,2026-07-10,ordinary_equity,sector_prefix_inference,low,sector_prefix:08,0824,202,0.009886603719279758,61,4,extreme_c4_target
KOHTM,2020-01-09,2026-07-10,ordinary_equity,sector_prefix_inference,low,sector_prefix:08,0830,227,0.0007399231704309507,36,4,extreme_c4_target
KPUS,2020-01-02,2026-07-10,ordinary_equity,sector_prefix_inference,low,sector_prefix:08,0826,29,0.0,19,4,extreme_c4_target
KSBP,2020-01-01,2026-07-10,ordinary_equity,sector_prefix_inference,low,sector_prefix:08,0808,702,0.003735916162719504,6,4,extreme_c4_target
KSTM,2024-06-03,2026-07-10,ordinary_equity,sector_prefix_inference,low,sector_prefix:08,0830,0,0.0,16,4,extreme_c4_target
LEUL,2020-01-01,2026-07-10,ordinary_equity,sector_prefix_inference,low,sector_prefix:08,0816,44,0.0004969798226143688,10,4,extreme_c4_target
LIVEN,2024-12-18,2024-12-20,ordinary_equity,sector_prefix_inference,low,sector_prefix:08,0830,326,0.0022355527115845444,11,4,extreme_c4_target|multiple_classification_intervals|unusual_prefix_inferred_equity
LMSM,2020-01-01,2024-12-17,ordinary_equity,sector_prefix_inference,low,sector_prefix:08,0830,0,0.0,45,4,extreme_c4_target
LPGL,2020-01-01,2026-07-10,ordinary_equity,sector_prefix_inference,low,sector_prefix:08,0805,308,0.012361842910597715,89,4,extreme_c4_target
LSEFSL,2024-05-31,2026-07-10,ordinary_equity,sector_prefix_inference,low,sector_prefix:08,0813,0,0.0,36,4,extreme_c4_target
LSEVL,2023-06-27,2026-07-10,ordinary_equity,sector_prefix_inference,low,sector_prefix:08,0813,216,0.0014002182552246224,1,4,extreme_c4_target
MACFL,2020-01-01,2024-08-02,ordinary_equity,sector_prefix_inference,low,sector_prefix:08,0818,791,0.010187916361689704,38,4,extreme_c4_target|multiple_classification_intervals|unusual_prefix_inferred_equity
MARI,2020-01-01,2026-07-10,ordinary_equity,sector_prefix_inference,low,sector_prefix:08,0820,1576,0.006333393038889525,3,4,extreme_c4_target
MDTL,2020-01-01,2026-07-10,ordinary_equity,sector_prefix_inference,low,sector_prefix:08,0828,578,0.009311452183758215,34,4,extreme_c4_target
MEHT,2020-01-09,2026-07-10,ordinary_equity,sector_prefix_inference,low,sector_prefix:08,0829,0,0.0,1,4,extreme_c4_target
META,2022-09-13,2024-07-18,ordinary_equity,sector_prefix_inference,low,sector_prefix:08,0818,87,0.0005023941139464113,13,4,extreme_c4_target
MFFL,2020-01-01,2026-07-10,ordinary_equity,sector_prefix_inference,low,sector_prefix:08,0810,1067,0.010377559472236677,14,4,extreme_c4_target
MODAM,2020-01-02,2024-04-19,ordinary_equity,sector_prefix_inference,low,sector_prefix:08,0819,123,0.0,30,4,extreme_c4_target
MQTM,2020-01-06,2026-07-10,ordinary_equity,sector_prefix_inference,low,sector_prefix:08,0830,0,0.0,2,4,extreme_c4_target
MSCL,2020-01-01,2026-07-10,ordinary_equity,sector_prefix_inference,low,sector_prefix:08,0808,144,0.0007144472426697556,3,4,extreme_c4_target
MTIL,2020-01-01,2021-09-03,ordinary_equity,sector_prefix_inference,low,sector_prefix:08,0829,7,0.0,8,4,extreme_c4_target
MWMP,2024-06-03,2026-07-10,ordinary_equity,sector_prefix_inference,low,sector_prefix:08,0818,205,0.0048731182285989575,70,4,extreme_c4_target
NCML,2020-01-01,2026-07-10,ordinary_equity,sector_prefix_inference,low,sector_prefix:08,0830,8,0.0,24,4,extreme_c4_target
NCPL,2020-01-01,2026-07-10,ordinary_equity,sector_prefix_inference,low,sector_prefix:08,0824,1483,0.008340610089306033,14,4,extreme_c4_target
NETSOL,2020-01-01,2026-07-10,ordinary_equity,sector_prefix_inference,low,sector_prefix:08,0828,1576,0.004780131223662857,27,4,extreme_c4_target
NEXT,2020-01-01,2026-07-10,ordinary_equity,sector_prefix_inference,low,sector_prefix:08,0813,54,0.0,16,4,extreme_c4_target
NICL,2020-01-02,2026-07-10,ordinary_equity,sector_prefix_inference,low,sector_prefix:08,0805,725,0.001893360554108721,1,4,extreme_c4_target
NML,2020-01-01,2026-07-10,ordinary_equity,sector_prefix_inference,low,sector_prefix:08,0829,1576,0.005122035821704726,1,4,extreme_c4_target
NONS,2020-01-01,2026-07-10,ordinary_equity,sector_prefix_inference,low,sector_prefix:08,0826,0,0.0,1,4,extreme_c4_target
NPL,2020-01-01,2026-07-10,ordinary_equity,sector_prefix_inference,low,sector_prefix:08,0824,1374,0.007346017019877086,3,4,extreme_c4_target
NRL,2020-01-01,2026-07-10,ordinary_equity,sector_prefix_inference,low,sector_prefix:08,0825,1576,0.007871497070983871,12,4,extreme_c4_target
NRSL,2020-01-01,2026-07-10,ordinary_equity,sector_prefix_inference,low,sector_prefix:08,0805,1365,0.005502976620348832,8,4,extreme_c4_target
NSRM,2020-01-03,2026-07-10,ordinary_equity,sector_prefix_inference,low,sector_prefix:08,0827,0,0.0,34,4,extreme_c4_target
OBOY,2022-01-12,2022-03-18,ordinary_equity,sector_prefix_inference,low,sector_prefix:08,0808,608,0.0023079159617635644,5,4,extreme_c4_target|multiple_classification_intervals|unusual_prefix_inferred_equity
OML,2020-01-01,2026-07-10,ordinary_equity,sector_prefix_inference,low,sector_prefix:08,0818,0,0.0,6,4,extreme_c4_target
OTSU,2020-01-01,2026-07-10,ordinary_equity,sector_prefix_inference,low,sector_prefix:08,0823,556,0.0036571870132920997,14,4,extreme_c4_target
PAKL,2022-10-11,2026-07-10,ordinary_equity,sector_prefix_inference,low,sector_prefix:08,0816,0,0.0,11,4,extreme_c4_target
PAKMI,2020-01-02,2023-05-05,ordinary_equity,sector_prefix_inference,low,sector_prefix:08,0819,0,0.0,23,4,extreme_c4_target
PAKOXY,2020-01-01,2026-07-10,ordinary_equity,sector_prefix_inference,low,sector_prefix:08,0805,841,0.005354014905984116,1,4,extreme_c4_target
PAKRI,2020-01-01,2026-07-10,ordinary_equity,sector_prefix_inference,low,sector_prefix:08,0812,1140,0.008427329302843314,6,4,extreme_c4_target
PASL,2020-01-01,2026-07-10,ordinary_equity,sector_prefix_inference,low,sector_prefix:08,0813,516,0.0036135952167306766,70,4,extreme_c4_target
PASM,2024-05-30,2026-07-10,ordinary_equity,sector_prefix_inference,low,sector_prefix:08,0829,0,0.0,18,4,extreme_c4_target
PECO,2020-01-01,2026-07-10,ordinary_equity,sector_prefix_inference,low,sector_prefix:08,0808,7,0.0,2,4,extreme_c4_target
PGLC,2020-02-10,2026-07-10,ordinary_equity,sector_prefix_inference,low,sector_prefix:08,0815,0,0.0,42,4,extreme_c4_target
PIAA,2020-01-01,2024-05-24,ordinary_equity,sector_prefix_inference,low,sector_prefix:08,0833,999,0.011074610440181756,20,4,extreme_c4_target
PIAHCLA,2024-05-27,2026-07-10,ordinary_equity,sector_prefix_inference,low,sector_prefix:08,0813,487,0.005476326738305651,5,4,extreme_c4_target
PIAHCLB,2024-05-27,2026-07-10,ordinary_equity,sector_prefix_inference,low,sector_prefix:08,0813,53,0.00202120223277313,127,4,extreme_c4_target
PICT,2020-01-01,2026-07-10,ordinary_equity,sector_prefix_inference,low,sector_prefix:08,0833,1379,0.010012995581106573,4,4,extreme_c4_target
PIL,2020-01-01,2026-07-10,ordinary_equity,sector_prefix_inference,low,sector_prefix:08,0812,133,0.002062272651245717,55,4,extreme_c4_target
PIM,2020-01-14,2026-07-10,ordinary_equity,sector_prefix_inference,low,sector_prefix:08,0819,0,0.0,24,4,extreme_c4_target
PINL,2020-01-01,2026-07-10,ordinary_equity,sector_prefix_inference,low,sector_prefix:08,0812,108,0.0003208485634409428,6,4,extreme_c4_target
PIOC,2020-01-01,2026-07-10,ordinary_equity,sector_prefix_inference,low,sector_prefix:08,0804,1576,0.006043199805325528,6,4,extreme_c4_target
PKGI,2020-01-01,2026-07-10,ordinary_equity,sector_prefix_inference,low,sector_prefix:08,0812,74,0.0,13,4,extreme_c4_target
PKGP,2020-01-01,2026-07-10,ordinary_equity,sector_prefix_inference,low,sector_prefix:08,0824,388,0.0004285630368449567,19,4,extreme_c4_target
PMI,2020-01-01,2025-07-25,ordinary_equity,sector_prefix_inference,low,sector_prefix:08,0819,43,0.0005590075212655744,25,4,extreme_c4_target
PMPK,2020-01-02,2025-10-03,ordinary_equity,sector_prefix_inference,low,sector_prefix:08,0832,0,0.0,17,4,extreme_c4_target
PMRS,2020-01-03,2026-07-10,ordinary_equity,sector_prefix_inference,low,sector_prefix:08,0826,0,0.0,10,4,extreme_c4_target
POML,2020-01-01,2026-07-10,ordinary_equity,sector_prefix_inference,low,sector_prefix:08,0834,123,0.000589218963936221,4,4,extreme_c4_target
PPP,2020-01-07,2026-07-10,ordinary_equity,sector_prefix_inference,low,sector_prefix:08,0822,203,0.001026036041962852,22,4,extreme_c4_target
PPVC,2020-01-06,2026-07-10,ordinary_equity,sector_prefix_inference,low,sector_prefix:08,0805,0,0.0,4,4,extreme_c4_target
PSEL,2020-01-14,2026-07-10,ordinary_equity,sector_prefix_inference,low,sector_prefix:08,0818,55,0.0003297993018020962,5,4,extreme_c4_target
PSX,2020-01-01,2026-07-10,ordinary_equity,sector_prefix_inference,low,sector_prefix:08,0813,1433,0.006465888802605209,1,4,extreme_c4_target
PSYL,2020-01-01,2026-07-10,ordinary_equity,sector_prefix_inference,low,sector_prefix:08,0827,1,0.0,6,4,extreme_c4_target
PTC,2020-01-01,2026-07-10,ordinary_equity,sector_prefix_inference,low,sector_prefix:08,0828,1576,0.013271897696398898,9,4,extreme_c4_target
QUET,2020-01-02,2026-07-10,ordinary_equity,sector_prefix_inference,low,sector_prefix:08,0829,0,0.0,47,4,extreme_c4_target
QUICE,2020-01-01,2026-07-10,ordinary_equity,sector_prefix_inference,low,sector_prefix:08,0810,856,0.0138764352079272,33,4,extreme_c4_target
RAVT,2020-01-01,2021-08-03,ordinary_equity,sector_prefix_inference,low,sector_prefix:08,0830,57,0.0,7,4,extreme_c4_target
REDCO,2020-01-01,2026-07-10,ordinary_equity,sector_prefix_inference,low,sector_prefix:08,0829,46,0.0009328457582031522,7,4,extreme_c4_target
REWM,2020-01-01,2026-07-10,ordinary_equity,sector_prefix_inference,low,sector_prefix:08,0829,63,0.0,5,4,extreme_c4_target
RICL,2020-01-01,2026-07-10,ordinary_equity,sector_prefix_inference,low,sector_prefix:08,0812,0,0.0,3,4,extreme_c4_target
RUBY,2020-01-01,2026-07-10,ordinary_equity,sector_prefix_inference,low,sector_prefix:08,0830,0,0.0,14,4,extreme_c4_target
RUPL,2020-01-06,2026-07-10,ordinary_equity,sector_prefix_inference,low,sector_prefix:08,0827,47,0.00040067627028607253,2,4,extreme_c4_target
SAIF,2020-01-02,2026-07-10,ordinary_equity,sector_prefix_inference,low,sector_prefix:08,0830,78,0.00015212078897852967,1,4,extreme_c4_target
SANE,2024-06-03,2024-10-04,ordinary_equity,sector_prefix_inference,low,sector_prefix:08,0830,0,0.0,64,4,extreme_c4_target
SANSM,2020-02-11,2026-07-10,ordinary_equity,sector_prefix_inference,low,sector_prefix:08,0826,0,0.0,9,4,extreme_c4_target
SAPL,2020-01-02,2023-10-27,ordinary_equity,sector_prefix_inference,low,sector_prefix:08,0823,0,0.0,1,4,extreme_c4_target
SARC,2020-01-01,2026-07-10,ordinary_equity,sector_prefix_inference,low,sector_prefix:08,0805,31,0.0002267022483716337,18,4,extreme_c4_target
SASML,2020-01-01,2026-07-10,ordinary_equity,sector_prefix_inference,low,sector_prefix:08,0826,0,0.0,36,4,extreme_c4_target
SAZEW,2020-01-01,2026-07-10,ordinary_equity,sector_prefix_inference,low,sector_prefix:08,0801,1576,0.01250073450060234,3,4,extreme_c4_target
SBL,2020-01-06,2026-07-10,ordinary_equity,sector_prefix_inference,low,sector_prefix:08,0807,175,0.0005088362836154071,6,4,extreme_c4_target
SCL,2020-01-09,2026-07-10,ordinary_equity,sector_prefix_inference,low,sector_prefix:08,0810,0,0.0,1,4,extreme_c4_target
SEL,2020-01-07,2026-07-10,ordinary_equity,sector_prefix_inference,low,sector_prefix:08,0824,67,0.000273567779573672,27,4,extreme_c4_target
SERF,2020-01-01,2021-11-19,ordinary_equity,sector_prefix_inference,low,sector_prefix:08,0831,271,0.0,64,4,extreme_c4_target
SERT,2020-01-01,2026-07-10,ordinary_equity,sector_prefix_inference,low,sector_prefix:08,0830,88,0.0007596719845193554,30,4,extreme_c4_target
SGPL,2021-06-18,2026-07-10,ordinary_equity,sector_prefix_inference,low,sector_prefix:08,0824,198,0.006613929017367657,46,4,extreme_c4_target
SHCM,2020-01-15,2026-07-10,ordinary_equity,sector_prefix_inference,low,sector_prefix:08,0830,0,0.0,39,4,extreme_c4_target
SHDT,2020-01-01,2026-07-10,ordinary_equity,sector_prefix_inference,low,sector_prefix:08,0830,210,0.0008775820868335847,30,4,extreme_c4_target
SHNI,2020-01-01,2026-07-10,ordinary_equity,sector_prefix_inference,low,sector_prefix:08,0812,73,0.0004357247956040156,9,4,extreme_c4_target
SIBL,2020-01-10,2026-07-10,ordinary_equity,sector_prefix_inference,low,sector_prefix:08,0813,0,0.0,31,4,extreme_c4_target
SIEM,2020-01-01,2026-07-10,ordinary_equity,sector_prefix_inference,low,sector_prefix:08,0803,154,0.011767688600834356,32,4,extreme_c4_target
SINDM,2020-01-01,2026-07-10,ordinary_equity,sector_prefix_inference,low,sector_prefix:08,0819,39,0.0,11,4,extreme_c4_target
SITC,2020-01-01,2026-07-10,ordinary_equity,sector_prefix_inference,low,sector_prefix:08,0805,696,0.002736153316290344,2,4,extreme_c4_target
SKRS,2020-01-01,2026-07-10,ordinary_equity,sector_prefix_inference,low,sector_prefix:08,0826,386,0.0051271216801252305,2,4,extreme_c4_target
SLGL,2024-04-22,2026-07-10,ordinary_equity,sector_prefix_inference,low,sector_prefix:08,0833,511,0.0065262489293536185,14,4,extreme_c4_target
SLL,2020-01-01,2024-10-31,ordinary_equity,sector_prefix_inference,low,sector_prefix:08,0815,0,0.0,5,4,extreme_c4_target
SLYT,2020-01-06,2026-07-10,ordinary_equity,sector_prefix_inference,low,sector_prefix:08,0830,14,0.0002256127500666764,74,4,extreme_c4_target
SMBL,2020-01-01,2023-11-24,ordinary_equity,sector_prefix_inference,low,sector_prefix:08,0807,226,0.0,24,4,extreme_c4_target
SMCPL,2020-01-01,2026-07-10,ordinary_equity,sector_prefix_inference,low,sector_prefix:08,0804,306,0.004674954841260675,4,4,extreme_c4_target
SML,2020-01-01,2026-07-10,ordinary_equity,sector_prefix_inference,low,sector_prefix:08,0826,50,5.575348194282409e-05,10,4,extreme_c4_target
SMTM,2020-01-01,2022-08-02,ordinary_equity,sector_prefix_inference,low,sector_prefix:08,0831,0,0.0,33,4,extreme_c4_target
SPEL,2020-01-01,2024-04-19,ordinary_equity,sector_prefix_inference,low,sector_prefix:08,0818,1059,0.00460205868227574,29,4,extreme_c4_target|multiple_classification_intervals|unusual_prefix_inferred_equity
SPLC,2020-01-01,2022-03-22,ordinary_equity,sector_prefix_inference,low,sector_prefix:08,0815,0,0.0,46,4,extreme_c4_target
SSGC,2020-01-01,2026-07-10,ordinary_equity,sector_prefix_inference,low,sector_prefix:08,0821,1576,0.014594647236230975,24,4,extreme_c4_target
SSML,2020-01-01,2026-07-10,ordinary_equity,sector_prefix_inference,low,sector_prefix:08,0830,49,0.0,33,4,extreme_c4_target
SSOM,2020-01-01,2026-07-10,ordinary_equity,sector_prefix_inference,low,sector_prefix:08,0834,298,0.004753158198761933,60,4,extreme_c4_target
STL,2025-01-16,2026-07-10,ordinary_equity,sector_prefix_inference,low,sector_prefix:08,0828,53,2.7346415444804008e-05,10,4,extreme_c4_target
STML,2020-01-02,2026-07-10,ordinary_equity,sector_prefix_inference,low,sector_prefix:08,0829,0,0.0,1,4,extreme_c4_target
SUHJ,2021-08-16,2022-12-12,ordinary_equity,sector_prefix_inference,low,sector_prefix:08,0814,0,0.0,11,4,extreme_c4_target
SUTM,2020-01-02,2026-07-10,ordinary_equity,sector_prefix_inference,low,sector_prefix:08,0830,46,0.00023012444739500628,26,4,extreme_c4_target
SYM,2023-09-01,2026-07-10,ordinary_equity,sector_prefix_inference,low,sector_prefix:08,0828,668,0.012378776360903114,23,4,extreme_c4_target
SZTM,2020-06-03,2026-07-10,ordinary_equity,sector_prefix_inference,low,sector_prefix:08,0830,0,0.0,1,4,extreme_c4_target
TATM,2020-01-01,2026-07-10,ordinary_equity,sector_prefix_inference,low,sector_prefix:08,0830,259,0.004094688393401193,44,4,extreme_c4_target
TBL,2023-12-15,2026-07-10,ordinary_equity,sector_prefix_inference,low,sector_prefix:08,0802,595,0.003192270383494638,24,4,extreme_c4_target
TELE,2020-01-01,2026-07-10,ordinary_equity,sector_prefix_inference,low,sector_prefix:08,0828,1359,0.00648482449520275,55,4,extreme_c4_target
THCCL,2020-01-01,2026-07-10,ordinary_equity,sector_prefix_inference,low,sector_prefix:08,0804,1218,0.01369802350408695,13,4,extreme_c4_target
TICL,2020-01-02,2026-07-10,ordinary_equity,sector_prefix_inference,low,sector_prefix:08,0826,0,0.0,2,4,extreme_c4_target
TOWL,2020-01-01,2026-07-10,ordinary_equity,sector_prefix_inference,low,sector_prefix:08,0829,615,0.004943633283110437,2,4,extreme_c4_target
TPL,2020-01-01,2026-07-10,ordinary_equity,sector_prefix_inference,low,sector_prefix:08,0828,1467,0.011721457624360856,22,4,extreme_c4_target
TPLI,2020-01-06,2026-07-10,ordinary_equity,sector_prefix_inference,low,sector_prefix:08,0812,162,0.0010805249876034183,24,4,extreme_c4_target
TPLP,2020-01-01,2022-08-02,ordinary_equity,sector_prefix_inference,low,sector_prefix:08,0818,1321,0.005847942271826133,22,4,extreme_c4_target|multiple_classification_intervals|unusual_prefix_inferred_equity
TPLT,2020-08-10,2026-07-10,ordinary_equity,sector_prefix_inference,low,sector_prefix:08,0828,419,0.0026358955665138325,2,4,extreme_c4_target
TSBL,2020-01-02,2026-07-10,ordinary_equity,sector_prefix_inference,low,sector_prefix:08,0813,130,0.0002254743526686832,45,4,extreme_c4_target
TSMF,2020-01-01,2026-07-10,ordinary_equity,sector_prefix_inference,low,sector_prefix:08,0806,21,0.0,16,4,extreme_c4_target
TSML,2020-01-20,2026-07-10,ordinary_equity,sector_prefix_inference,low,sector_prefix:08,0826,0,0.0,13,4,extreme_c4_target
TSPL,2020-01-01,2026-07-10,ordinary_equity,sector_prefix_inference,low,sector_prefix:08,0824,253,0.003544698323243725,8,4,extreme_c4_target
UBDL,2020-01-01,2026-07-10,ordinary_equity,sector_prefix_inference,low,sector_prefix:08,0818,4,0.0,8,4,extreme_c4_target
UCAPM,2020-01-02,2026-07-10,ordinary_equity,sector_prefix_inference,low,sector_prefix:08,0819,82,0.00030626614849413775,33,4,extreme_c4_target
UDPL,2020-01-01,2026-07-10,ordinary_equity,sector_prefix_inference,low,sector_prefix:08,0818,171,0.0012030461529111537,8,4,extreme_c4_target
UVIC,2020-01-01,2026-07-10,ordinary_equity,sector_prefix_inference,low,sector_prefix:08,0812,45,0.0006889896158855847,36,4,extreme_c4_target
WASL,2025-07-28,2026-07-10,ordinary_equity,sector_prefix_inference,low,sector_prefix:08,0819,200,0.0014380100582366425,1,4,extreme_c4_target
WAVESAPP,2023-12-28,2026-07-10,ordinary_equity,sector_prefix_inference,low,sector_prefix:08,0803,587,0.009648247370574124,7,4,extreme_c4_target|unusual_prefix_inferred_equity
WTL,2020-01-01,2026-07-10,ordinary_equity,sector_prefix_inference,low,sector_prefix:08,0828,1426,0.004354615243515011,32,4,extreme_c4_target
WYETH,2020-01-01,2022-04-01,ordinary_equity,sector_prefix_inference,low,sector_prefix:08,0823,89,0.0,20,4,extreme_c4_target
YOUW,2020-01-01,2026-07-10,ordinary_equity,sector_prefix_inference,low,sector_prefix:08,0831,1189,0.01029152957831805,19,4,extreme_c4_target
ZAHID,2020-01-02,2026-07-10,ordinary_equity,sector_prefix_inference,low,sector_prefix:08,0829,109,0.0020817243841553816,45,4,extreme_c4_target
ZAL,2025-02-28,2026-07-10,ordinary_equity,sector_prefix_inference,low,sector_prefix:08,0828,298,0.0043592077268583005,2,4,extreme_c4_target
ZIL,2020-01-01,2026-07-10,ordinary_equity,sector_prefix_inference,low,sector_prefix:08,0810,3,8.53706864888815e-06,2,4,extreme_c4_target
ZTL,2020-01-02,2026-07-10,ordinary_equity,sector_prefix_inference,low,sector_prefix:08,0831,23,0.0,1,4,extreme_c4_target
COLG,2020-01-01,2024-05-31,ordinary_equity,sector_prefix_inference,low,sector_prefix:08,0805,824,0.003611874295957207,0,5,multiple_classification_intervals|unusual_prefix_inferred_equity
CYAN,2020-01-01,2021-10-22,ordinary_equity,sector_prefix_inference,low,sector_prefix:08,0812,416,0.001745757189756093,0,5,multiple_classification_intervals|unusual_prefix_inferred_equity
DLL,2020-01-01,2021-04-09,ordinary_equity,sector_prefix_inference,low,sector_prefix:08,0829,177,0.0013354002014599846,0,5,multiple_classification_intervals|unusual_prefix_inferred_equity
JVDC,2020-01-01,2022-08-01,ordinary_equity,sector_prefix_inference,low,sector_prefix:08,0804,567,0.0030517977306541827,0,5,multiple_classification_intervals|unusual_prefix_inferred_equity
MSOT,2020-01-01,2026-07-03,ordinary_equity,sector_prefix_inference,low,sector_prefix:08,0829,92,0.0,0,5,multiple_classification_intervals|unusual_prefix_inferred_equity
OLPL,2020-01-01,2022-02-04,ordinary_equity,sector_prefix_inference,low,sector_prefix:08,0815,738,0.001336137067229638,0,5,multiple_classification_intervals|unusual_prefix_inferred_equity
QTECH,2025-12-30,2026-02-12,ordinary_equity,sector_prefix_inference,low,sector_prefix:08,0830,91,0.0,0,5,multiple_classification_intervals|unusual_prefix_inferred_equity
STYLERS,2024-01-22,2026-05-08,ordinary_equity,sector_prefix_inference,low,sector_prefix:08,0829,0,0.0,0,5,multiple_classification_intervals|unusual_prefix_inferred_equity
TPLL,2024-12-30,2025-04-30,ordinary_equity,sector_prefix_inference,low,sector_prefix:08,0830,0,0.0,0,5,multiple_classification_intervals|unusual_prefix_inferred_equity
UNITY,2020-01-01,2021-02-12,ordinary_equity,sector_prefix_inference,low,sector_prefix:08,0834,1576,0.005885926053900259,0,5,multiple_classification_intervals|unusual_prefix_inferred_equity
WHALE,2022-08-03,2022-09-23,ordinary_equity,sector_prefix_inference,low,sector_prefix:08,0831,127,0.0013585379803273284,0,5,multiple_classification_intervals|unusual_prefix_inferred_equity
ZUMA,2025-10-24,2026-02-12,ordinary_equity,sector_prefix_inference,low,sector_prefix:08,0830,137,0.00048458719459856423,0,5,multiple_classification_intervals|unusual_prefix_inferred_equity
786,2020-01-01,2026-07-10,ordinary_equity,sector_prefix_inference,low,sector_prefix:08,0813,276,0.0001821998837410116,0,6,unusual_prefix_inferred_equity
GEMPACRA,2025-06-30,2026-07-09,ordinary_equity,sector_prefix_inference,low,sector_prefix:08,0818,0,0.0,0,6,unusual_prefix_inferred_equity
SPAC1,2026-05-11,2026-07-10,ordinary_equity,sector_prefix_inference,low,sector_prefix:08,0813,1,0.0,0,6,unusual_prefix_inferred_equity
P05PIB151025,2021-10-25,2021-10-25,government_security,ticker_heuristic,low,ticker_regex:government_security,,0,0.0,0,7,short_interval_or_maturity_like_ticker
